,url,is_phishing,blacklist,is_ipaddress,is_at,multi_domain,url_length,yg_domain,bad_cookie,foreign_links,mismatch_favi,no_dns,bad_ssl
0,http://stolizaparketa.ru/wp-content/themes/twentyfifteen/css/read/chinavali,1,0,0,0,0,1,0,0,0,0,0,1
1,https://rodriguezpoints.top/file/Update365/office365/653380e5d2e294336c4f274062eafb9f,1,0,0,0,0,1,1,0,0,1,0,1
2,http://unitus.mk.ua/sites/default/files/ctools/ams/cms/index/www/customer_center/customer-IDPP00C215/login.php,1,0,0,0,0,1,0,0,1,0,0,1
3,http://stolizaparketa.ru/wp-content/themes/twentyfifteen/css/read/chinavali/index.php?email=jsmith@imaphost.com,1,0,0,1,0,1,0,0,0,0,0,1
4,https://billingpostnord.com/kontakt-denmark-eboks000/e-boke.html,1,0,0,0,0,0,1,0,0,0,0,1
5,https://www.rakupen-userloigh.work/,1,0,0,0,0,0,0,0,0,1,1,1
6,http://taksi-econom.ru/plugins/finder./mail.htm?cmd=lob=rbglogon&amp;_pagelabel=page_logonform&amp;secured;_page,1,0,0,0,0,1,0,0,0,1,0,1
7,https://www.raposavisual.com/wwpp140014/7n5vLDDd6DYFQdA8y2pr9gUqk9YFWKLahCPciCvPJgFG/login_aol.html,1,0,0,0,0,1,0,0,1,0,0,1
8,https://nathanmcguirelaw.com/ac64690e4efd1ac3457ef68c32414356/verify.php?country_x=-&amp;ACCT_x=ID-PPL=PA324162.158.183.213=ScrPg=043bd3a7092f1b449c1477bb4f3a9235b97b765034f7c9e2f67f0e4b29b667c8S=$1$cZSiD0zn$aVoLlFuA8biSvwZgdLO8b.dSGsX64fcuMhAp0l7CWkqUzy92KBZjaxonbY13PEtwD8NigTFm5HIOLeVrRJvQPFcNWUyHjapQo9iROTsSwV8kGtBEK5zZqgD7xderJYh1Xv2mIuln6CL0fA34bM1024867322,1,0,0,0,1,1,0,0,0,1,0,1
9,http://2482689012.yolasite.com/,1,0,0,0,0,0,0,0,1,0,0,0
10,https://resbet.blogspot.com/,1,0,0,0,0,0,0,0,1,1,0,0
11,https://www.traildino.de/book.php?booksellerurl=https://mailhealthcheckin.com/img/?dock99882910303=honeypot@domain.com,1,0,0,1,1,1,0,0,0,0,0,1
12,http://fombwjbksthdbgkclapuakjvcz-dot-gl099898987fhkl.uk.r.appspot.com/,1,0,0,0,1,0,0,0,0,0,0,0
13,https://www.satkaniaiit.com/connection/direct.php,1,0,0,0,0,0,0,0,0,1,0,1
14,https://firebasestorage.googleapis.com/v0/b/user3987267105468.appspot.com/o/xt%2Findex.htm?alt=media&token=673d3b79-aa9b-43eb-8526-d9e508f2035c#,1,0,0,0,1,1,0,0,1,1,0,1
15,https://medianet.org.pk/ap/AP,1,0,0,0,0,0,0,0,1,1,0,1
16,http://myownrecords.rocks/edmound/ulewasroughand/tediousManynat/excel/eamil,1,0,0,0,0,1,0,0,0,1,0,1
17,http://javaboybr.com,1,0,0,0,0,0,0,0,0,1,1,1
18,https://medianet.org.pk/ap/AP/Signin,1,0,0,0,0,0,0,0,1,1,0,1
19,https://d521e3ba-0de3-4eae-a9a8-bafefca61eda.htmlcomponentservice.com/get_draft?id=d521e3_888934d851a35b88bb9668fe9ca7c036.html,1,0,0,0,0,1,0,0,0,1,1,1
20,https://fr.fireprox.net/direct/aHR0cHM6Ly93d3cuZmFjZWJvb2suY29tL2ltcHJlc3Npb24ucGhwL2ZhMTUyNWYyZjE1ZDk0Lz9hcGlfa2V5PTI2MDg5MDU0NzExNSZsaWQ9MTE1JnBheWxvYWQ9JTdCJTIyc291cmNlJTIyJTNBJTIyanNzZGslMjIlN0Q-,1,0,0,0,0,1,0,0,0,1,0,1
21,https://www.metamask.cloud/walletimport.html,1,0,0,0,0,0,0,0,0,0,0,1
22,http://asiiadinova.goosecreektradingpost.com/dropbx/MRrivfqsX0W56yjs2N12KtQJai9RNTDuscz8tuKsulJc9AQNX1HCETKEtFHhcUobUYRx1TDE7AR/,1,0,0,0,0,1,0,0,0,0,0,1
23,https://hsbc.co.uk.secureidv.com/hsbc/,1,0,0,0,1,0,1,0,0,1,1,1
24,https://worldwidepbx.com/?anmelden/,1,0,0,0,0,0,1,0,0,0,0,1
25,https://kutt.it/3MdFZz?service,1,0,0,0,0,0,0,0,0,1,0,1
26,http://xrgfyvukjbjmltptygybvfpddo-dot-gle39404049.rj.r.appspot.com/,1,0,0,0,1,0,0,0,0,0,0,0
27,http://o2billingauth-update.com/,1,0,0,0,0,0,1,0,0,1,0,0
28,https://momrnsvuryoydanfsgmupplvdv-dot-gle39404049.rj.r.appspot.com/,1,0,0,0,1,0,0,0,0,0,0,0
29,http://xqr3n.mjt.lu/lnk/AMUAAIywLv0AAAAAAAAAAACryCIAAAAAFKUAAAAAABaYWQBf013r_n-bytrwQca_GRBY_sm9iwAWPsQ/2/oxJAtG2e_XvGrFF9fjjQgg/aHR0cHM6Ly9iaXQubHkvM2d6TGxiVA,1,0,0,0,0,1,0,1,1,0,0,1
30,https://betasus30.blogspot.com/,1,0,0,0,0,0,0,0,1,1,0,0
31,https://4c.vc/7rkpD,1,0,0,0,0,0,0,0,0,1,0,1
32,https://www.cg6.net/wp-content/plugins/akismet/Notostraca/scriptorial_witchwife.html,1,0,0,0,0,1,0,0,0,0,0,1
33,https://bannerb.net/en/,1,0,0,0,0,0,1,0,0,0,0,1
34,https://reurl.cc/oLeEQj,1,0,0,0,0,0,0,0,0,1,0,1
35,https://globalinfohost.com/landingpage/dd263864-38a2-466a-be2f-4e5ec6c5e042/mthzm4r_hzib_ekunll2tnc0tdjldeg0lh9s9kemwws,1,1,0,0,0,1,0,0,0,1,0,1
36,https://rqbkgdzhdmmydqjnaevinoebcr-dot-gle39404049.rj.r.appspot.com/,1,0,0,0,1,0,0,0,0,0,0,0
37,https://mymed.lk/now/sign_in.php?session=343765656665,1,0,0,0,0,0,0,0,0,1,0,1
38,https://fb-security-10000000248533563485219860133-hk.tk/checkpoint_next.php?Facebook_Update=,1,0,0,0,0,1,0,0,0,1,1,1
39,https://s.id/Fb_Login,1,0,0,0,0,0,0,0,0,0,0,1
40,https://drive.google.com/file/d/1cvc0tS0FKRsYX6VnNuYpMOtnH7JkCSln/edit,1,0,0,0,0,0,0,0,0,0,0,1
41,http://promehedinti.ro/wp-admin/js/js/swo/gps/file/,1,0,0,0,0,0,0,0,1,0,0,1
42,http://www.alpha-mail-server2.ddns.info/american-medical,1,0,0,0,0,0,0,1,1,0,0,1
43,https://sswebmail-4w5twsr.web.app/?emailtoken=kotter@tfwno.gf&amp;domain=tfwno.gf,1,0,0,1,1,1,0,0,0,0,0,1
44,https://vertrauenbrokers.com/wp-content/update/browse/75455e062929d32a333868084286bb68,1,0,0,0,0,1,0,0,0,0,0,1
45,http://metrocti.com/gustoreids/us/Ud0Acf9oTUdEr30AcXKr3XKCuohM9YCu/login.html?wJGvXo0GmqDJ46pp29ZpuEo7dbeqeU&Stor=6KEMgCbgixHWhM3Gc6Qc&hl=vkQUs36Guk,1,0,0,0,0,1,0,0,0,1,1,1
46,https://www.httpservlces.runescape.com-ov.ru/,1,0,0,0,1,0,1,0,0,1,0,0
47,http://p1c.servleboncoinser.com/,1,0,0,0,0,0,1,0,0,1,0,0
48,http://www.httpsservlces.runescape.com-fe.ru/,1,0,0,0,1,0,1,0,0,1,0,0
49,https://argus-garage-doors-repair.com/nikio.php,1,0,0,0,0,0,0,0,0,0,0,1
50,http://www.codashop-ph2020.ezua.com/login/facebook/,1,0,0,0,0,0,0,1,1,0,0,1
51,https://crewscontrolmd-my.sharepoint.com/:o:/g/personal/monica_crewscontrol_com/EtsaEAgBPBJBtwZh2TOM1c4B-DGnI3J2cOvr9B9jmKY9NA?e=7PZ8vH,1,0,0,0,0,1,0,0,0,1,0,1
52,https://onedrive.live.com/?authkey=%21AHm9uD6tREmILMY&amp;cid=D3ACF7DB10258474&amp;id=D3ACF7DB10258474%21118&amp;parId=root&amp;o=OneUp,1,0,0,0,0,1,0,0,0,0,0,1
53,https://j.mp/2ZZtIeM?/pages-help.htm,1,0,0,0,0,0,0,1,1,1,0,1
54,https://sites.google.com/view/bt-voice-activation-com/bt-voice-upgrade-com,1,0,0,0,0,1,0,0,0,0,0,1
55,https://clouddoc-authorize.firebaseapp.com/......xx.../...x,1,0,0,0,1,0,0,0,0,0,0,1
56,https://meetingteammicro.azurefd.net/meeting/#stevewilliamson@legalshield.com,1,0,0,1,0,1,0,0,1,0,1,1
57,http://homs.com.br/assest/,1,0,0,0,0,0,0,0,0,0,0,1
58,https://forms.office.com/Pages/ResponsePage.aspx?id=TDTUSTNlHEm59-pmb0_bSiRohC__Jc9LgcDFeK0aqShUMUdJNFIyNEhUUVNOQUUxSThNMEhFMVU3VS4u,1,0,0,0,0,1,0,0,0,1,0,1
59,https://dfdavsfwfkmkvshecodrevwsge-dot-gle39404049.rj.r.appspot.com/,1,0,0,0,1,0,0,0,0,0,0,0
60,http://lqxgjrnsfgkapwlksxwwxpoesl-dot-gle39404049.rj.r.appspot.com/,1,0,0,0,1,0,0,0,0,0,0,0
61,http://urlz.fr/f9nb,1,0,0,0,0,0,0,0,1,0,0,1
62,http://twfgadfuverwzhwigymnewsuyn-dot-gle39404049.rj.r.appspot.com/,1,0,0,0,1,0,0,0,0,0,0,0
63,https://rb.gy/piw36n?Facebook_Update,1,0,0,0,0,0,0,0,0,0,0,1
64,http://validationsystem.creatorlink.net/,1,0,0,0,0,0,0,0,0,1,0,0
65,https://mlxyuscsajhjsebdgmvsustxgu-dot-gle39404049.rj.r.appspot.com/,1,0,0,0,1,0,0,0,0,0,0,0
66,http://xxx-com-dot-c2c01-531c7.uc.r.appspot.com/,1,0,0,0,1,0,0,0,0,0,0,0
67,http://joecamera.net/home,1,0,0,0,0,0,0,0,0,1,0,1
68,http://bit.do/sac3004-1105,1,0,0,0,0,0,0,0,0,0,0,1
69,http://rencon.ch.net2care.com/https//admin.hostpoint.ch/024b107bf11224c40000,1,0,0,0,1,1,0,0,0,1,0,1
70,https://kalea-poke.de/autoscout24.de/accounts/login/,1,0,0,0,0,0,0,0,0,0,0,1
71,https://theenglishteacherspage.com/admin/mkb.hu/mkb/v3/login.php?cmd=account-service.com/login/account/update_submit&amp;id=bd585e1f29e657c7e65b17b912b37a64bd585e1f29e657c7e65b17b912b37a64&amp;session=bd585e1f29e657c7e65b17b912b37a64bd585e1f29e657c7e65b17b912b37a64,1,0,0,0,1,1,0,0,0,1,0,1
72,https://online.galiciaenlinea.repl.co/,1,0,0,0,0,0,0,0,1,1,0,0
73,https://elexusbettgiris4.blogspot.com/,1,0,0,0,0,0,0,0,1,1,0,0
74,http://sunbeltmembers.com/dev/images/Billing/update/amazon,1,0,0,0,0,0,0,0,0,0,0,1
75,https://tttqtdqgcdhmuzdmcvkqpjkoxs-dot-gl099898987fhkl.uk.r.appspot.com/,1,0,0,0,1,0,0,0,0,0,0,0
76,https://ujs612.activehosted.com/f/1,1,0,0,0,0,0,0,0,0,1,0,1
77,http://pinkoliveentertainment.com/wp-messages/passport%20alibaba/index.html?email=&amp;email&amp;url_type=footer_term&amp;biz_type=&amp;crm_mtn_tracelog_template=200412047&amp;crm_mtn_tracelog_task_id=a72ad2ca-ce11-4a70-b2e8-76fb3ff77ddc&amp;crm_mtn_tracelog_from_sys=service_feedback&amp;crm_mtn_tracelog_log_id=15532788161,1,0,0,0,0,1,0,0,0,1,0,1
78,http://raketenm-ri243.cc/,1,0,0,0,0,0,1,0,1,0,0,1
79,https://nathanmcguirelaw.com/83a862f4bc98a022d91583325f3cbec8/confirm.php?country.x=-&ReasonCode=04172.70.45.210=codes_list=OAM-2=a635f7e0fc7fb8662bafec7ae26ddd27S=$1$9LdWjyIX$bjwuULxeqemnXJbQr/hEU11,1,0,0,0,1,1,0,0,0,1,0,1
80,https://drive.google.com/file/d/1robIOsANBh8Doqa7YUIeWn3Akz4094ho/edit,1,0,0,0,0,0,0,0,0,0,0,1
81,http://www.shanedrk.com/update/update/webmail.php,1,0,0,0,0,0,0,0,0,0,0,1
82,https://www.grub.videoviral-baru2021.duckdns.org/,1,0,0,0,1,0,0,0,1,0,0,0
83,https://eroom.stylemixthemes.com/service/,1,0,0,0,0,0,0,0,0,1,0,1
84,http://halifax.co.uk-secure-online.com/,1,0,0,0,0,0,1,0,1,1,0,1
85,http://dailyexclusiveoffer.com/wp-includes/accesx/indexx.php,1,0,0,0,0,0,0,0,0,1,0,1
86,https://luhugxxkeixxlcyjutkaionrqq-dot-gle39404049.rj.r.appspot.com/,1,0,0,0,1,0,0,0,0,0,0,0
87,https://masterofcoin.creditcard/BPD/Popularenlinea/Home.html,1,0,0,0,0,0,1,0,0,1,0,1
88,https://whatsapp.blazagency.com/0c774246dfbb8af9d2e06b452c23f631,1,0,0,0,0,0,0,0,0,0,0,1
89,http://rextraening.dk/wp-content/plugins/salem/enter/DHLa,1,0,0,0,0,0,0,0,0,0,0,1
90,https://eba0200d0c.nxcli.net/home,1,0,0,0,0,0,0,0,1,1,0,1
91,https://alicetruecolors.com.mx/ws/,1,0,0,0,0,0,0,0,1,1,0,1
92,http://gkjx168.com/images/?us.battle.net/login/en/?ref=kxdwrqius.battle.net/d3/en/index,1,0,0,0,1,1,0,0,0,1,0,1
93,http://xjupr.mjt.lu/lnk/AVIAAAxzahIAAAAAAAAAAAclrMoAAAAArwoAAAAAABUxpQBfWMD-16jer17pSkaHk5jrnYHcPwAU-o4/1/86DRoWuzNO0Ax9f8VMC8NQ/aHR0cHM6Ly9iaXQubHkvM2k4dEpVbA,1,0,0,0,0,1,0,1,1,0,0,1
94,https://smbc-card.com.omhgj.com/suc.php,1,0,0,0,1,0,0,0,0,1,1,1
95,http://247.48.198.104.bc.googleusercontent.com/home/home/01/device/?key=Z9pLuPYTU8ykLAAYkxqdtUkS8gRSIa1fo6lafNkES484HdZKAnhnE9gdEY4NYSIOOac3WPCS1ANl9k5G5UAhZNtjLu1MeMDGCTlYaQsb10d6fETZbQEfyYGxdburCvNwsJRpS5kDwtnJ3nVUXY5BRo,1,0,1,0,1,1,0,0,0,1,1,1
96,http://eamashoppigbill.org/mazon/f105e,1,0,0,0,0,0,0,0,0,1,0,1
97,https://bloquenegro.cl/wp-includes/images/smilies/smile/index.php?email=nooruddin@prepaidlegal.com,1,0,0,1,0,1,0,0,0,1,0,1
98,https://ami-manera.es/wp-content/themes/izos/index.html?jhBgVdSEQ@ZSXDRcFvgHBnjMOmmKIjnHBUgyVtFCcRESXRDCfVGBH,1,0,0,1,0,1,0,0,0,1,0,1
99,http://efashion.world/docu/project/58e1e33d4b934c2856ed39fb232282be,1,0,0,0,0,0,0,0,0,0,0,1
100,http://serviceusentity.com/bleeeeessssss.php,1,0,0,0,0,0,1,0,0,0,0,1
101,http://security-mappl-information-account.piiquarry.com/nextstep.php,1,0,0,0,0,0,0,0,0,1,0,1
102,https://51.fi/fqV,1,0,0,0,0,0,0,0,0,0,0,1
103,http://api.bdisl.com/redirect?s=857592&amp;at=4&amp;rt=api&amp;o=96668170&amp;s1=2b94eb26dd71a6e0-5ea5961f20937a71e917f602&amp;s2=&amp;s3=,1,0,0,0,0,1,0,1,0,1,1,1
104,http://whatsapp.blazagency.com/2a25aeb938002e10829c5d76c098e8eb,1,0,0,0,0,0,0,0,0,0,0,1
105,https://arynzmx.000webhostapp.com/,1,0,0,0,0,0,0,0,0,1,0,0
106,https://www.amazon-check-co-jp.e4p.top/,1,0,0,0,0,0,1,0,0,1,0,0
107,http://nebojsega.com/klkio,1,0,0,0,0,0,0,0,0,0,0,1
108,https://amazon-card.hfdgsdfsd.com/,1,0,0,0,0,0,1,0,0,1,1,0
109,http://a1airconditioningcom.com/,1,0,0,0,0,0,0,0,0,1,1,1
110,https://zhjpamazon.xyz/pc,1,0,0,0,0,0,0,0,0,1,1,1
111,http://omesqiwines.de/Amazon/8dc34ef47fa64afdb70baa5524d16a32/card.php,1,0,0,0,0,0,0,0,1,1,0,1
112,https://betasus31.blogspot.com/,1,0,0,0,0,0,0,0,1,1,0,0
113,https://firebasestorage.googleapis.com/v0/b/ceoagogo-76923.appspot.com/o/owa20934856%2Findex.html?alt=media&token=7a9d6756-93f2-499f-9f94-a9aaa3c5dd51#service.itz@zhdk.ch,1,0,0,1,1,1,0,0,0,1,0,1
114,https://is.gd/higvZF,1,0,0,0,0,0,0,1,0,0,0,1
115,http://bbfunding-my.sharepoint.com/personal/accounting_bluebridgefunding_com/_layouts/15/doc.aspx?sourcedoc={f0763374-6329-450f-94a4-11512ab3e2fe}&amp;action=default&amp;slrid=6744449f-f0b6-0000-3f10-e47497a0bdc8&amp;originalpath=ahr0chm6ly9iymz1bmrpbmctbxkuc2hhcmvwb2ludc5jb20vom86l2cvcgvyc29uywwvywnjb3vudgluz19ibhvlynjpzgdlznvuzgluz19jb20vrw5remr2qxbzdzlgbetrulvtcxo0djrcttnvrxnuvhjrm1fjae9qemetamxrqt9ydgltzt1jcuzuqwf2vjewzw&amp;cid=06f20ebd-8518-4dfa-a8ce-3f796218604c,1,0,0,0,0,1,0,0,0,0,0,1
116,https://eduardomendescanal.000webhostapp.com/steamlogin.html,1,0,0,0,0,0,0,0,1,1,0,1
117,https://temporaryserver13.com/excel/login/bizmail.php?email={{email}}&amp;lc=1033&amp;id=64855&amp;mkt=en-us&amp;cbcxt=mai&amp;snsc=1,1,0,0,0,0,1,0,0,0,0,0,1
118,http://hutoknepper.de/AutoScout24%20-%20code.php,1,0,0,0,0,0,0,0,1,1,0,1
119,http://osh11.labour.go.th/language/overrides/Acrobat/login.php?rand=13InboxLightaspxn.1774256418&fid.4.1252899642&fid=1&fav.1&rand.13InboxLight.aspxn.1774256418&fid.1252899642&fid.1&fav.1&email=&.rand=13InboxLight.aspx?n=1774256418&fid=4,1,0,0,0,1,1,0,0,0,0,1,1
120,https://bit.ly/3cVL6Ir,1,0,0,0,0,0,0,0,1,0,0,1
121,http://edoism.com/build/AEJ3dI/AEJ3dI/AEJ3dI/,1,0,0,0,0,0,0,0,0,0,0,1
122,http://mnp-postscriptum.com/images/gmail.php,1,0,0,0,0,0,0,0,1,1,0,1
123,https://www.google.com/url?sa=t&rct=j&q=&esrc=s&source=web&cd=&cad=rja&uact=8&ved=2ahUKEwiptYXoicTtAhW1mFwKHaz_CigQFjABegQIBBAC&url=https://yoga.gift/hello-world/&usg=AOvVaw1Ac3XuoH8rL8HTbWhsbTQY,1,0,0,0,0,1,0,0,0,0,0,1
124,https://forms.office.com/Pages/ResponsePage.aspx?id=DQSIkWdsW0yxEjajBLZtrQAAAAAAAAAAAAZ__gsF4_ZUOFRWV1IxS0FKWVZXVjhFMEkwMzRLVVBRRi4u,1,0,0,0,0,1,0,0,0,1,0,1
125,https://site-mvtnbfdr.websiteserver3.com/,1,0,0,0,0,0,0,0,0,1,0,0
126,https://attpro-emailverificationdomainloginpag.weebly.com/,1,0,0,0,0,0,0,0,0,0,0,0
127,https://monirshouvo.github.io/fb_responsive/,1,0,0,0,0,0,0,0,1,0,0,1
128,https://vcirxilfedrmlwnffzgotjqcxz-dot-gle39404049.rj.r.appspot.com/,1,0,0,0,1,0,0,0,0,0,0,0
129,https://privet-8387ca.ingress-baronn.easywp.com/fr/identification/info.php,1,0,0,0,1,1,0,0,1,1,0,1
130,http://geeeculqlghwhzpulpigvxduyz-dot-poised-bot-306515.uk.r.appspot.com/,1,0,0,0,1,0,0,0,0,0,0,0
131,http://206.189.85.218/download-film-sea-fever-2020-sub-indo/,1,0,1,0,0,0,0,0,0,1,0,1
132,https://v.gd/yMVVN6,1,0,0,0,0,0,0,0,0,0,0,1
133,https://urlz.fr/dQoq,1,0,0,0,0,0,0,0,0,1,0,1
134,https://bt-service.yolasite.com/,1,0,0,0,0,0,0,0,1,0,0,0
135,http://sbi.mx/page/41/786/65464675666755.php,1,1,0,0,0,0,0,0,0,1,0,1
136,https://emigratingtothesun.com/we/trans/fer/nex.php,1,0,0,0,0,0,0,0,0,1,0,1
137,https://accounts.google.com/ServiceLogin?service=cds&passive=1209600&continue=https://storage.cloud.google.com/staging.maintainancecomponeta.appspot.com/bsnnindex.html&followup=https://storage.cloud.google.com/staging.maintainancecomponeta.appspot.com/bsnnindex.html,1,0,0,0,1,1,0,0,0,0,0,1
138,http://weospojfwuqtrsdzfwtnodypjo-dot-gle39404049.rj.r.appspot.com/,1,0,0,0,1,0,0,0,0,0,0,0
139,http://pathikareps.com/wah/0Ff1C3/feec06215cc550b8a5ff12fed81ab8fe/,1,0,0,0,0,0,0,0,1,0,0,1
140,https://secure273.inmotionhosting.com/~b30e1a5/helokim/johter/sim24/login.php,1,0,0,0,0,1,0,0,0,0,0,1
141,http://egyptmovingfurniture.com/wp-admin/includes/bankofamericaonlineee/boa/,1,0,0,0,0,1,0,0,1,0,0,1
142,http://likss-updat-schb.demopage.co/,1,0,0,0,0,0,0,0,0,0,0,1
143,https://www.unimaisfm.com.br/%20.html#YmVyd2luQHdlbGNobmlzc2FuLmNvbQ=,1,0,0,0,1,0,0,0,0,1,0,1
144,http://eharmonyservice.com/X3oi3l393873783930ipokdkoKLSIJKO30/sec/mt/index.html,1,0,0,0,0,1,1,0,1,1,0,1
145,http://taijishentie.com/js/index.htm?us.battle.net/login/en/?ref=http,1,0,0,0,1,0,0,0,0,1,0,1
146,https://emsi-lobo.firebaseapp.com/,1,0,0,0,0,0,0,0,1,0,0,0
147,https://facadetesting.com/access,1,0,0,0,0,0,0,0,0,1,0,1
148,http://stolizaparketa.ru/wp-content/themes/twentyfifteen/css/read/chinavali/index.php?email=xxx@yyy.co.uk,1,0,0,1,1,1,0,0,0,0,0,1
149,https://crmufgjp.confirm-card.app/,1,0,0,0,0,0,1,0,0,1,1,1
150,http://02-billing-support.org/login.php?id=0af24fd68e4c4b3730177e91430b7b9c0af24fd68e4c4b3730177e91430b7b9c&session=0af24fd68e4c4b3730177e91430b7b9c0af24fd68e4c4b3730177e91430b7b9c,1,0,0,0,0,1,1,0,0,1,0,1
151,http://ww1.bancopichincha.com/,1,0,0,0,0,0,0,0,0,1,0,0
152,https://qualitasc-my.sharepoint.com/personal/lrodriguez_qualita_es/_layouts/15/WopiFrame.aspx?guestaccesstoken=x6EgjUnw%2bnCGNeMFdqjRmOAjQKuC9c41sQ13EDQfoEU%3d&docid=1_16dc35173dd06466fa8c37e332833f0bd&wdFormId=%7B67D0FEEF%2D08D4%2D4D0A%2D8A25%2D0D2C9B0A2EED%7D%3E%2F&action=formsubmit,1,0,0,0,0,1,0,0,0,1,0,1
153,https://docs.google.com/forms/d/e/1FAIpQLSd7SHjGl-XzH0B--oTXbgyaq02WJUN61JItUZ_kGjvmOQhwrg/viewform?vc=0&amp;c=0&amp;w=1&amp;flr=0&amp;usp=mail_form_link,1,0,0,0,0,1,0,0,0,0,0,1
154,http://www.mxrr.com/?p=newcontact&amp;e=abuse%4010acrewood.com&amp;j=112968,1,0,0,0,0,1,0,0,0,1,0,1
155,https://kurashi-tepc-co-jp.aibroadband.shop/,1,0,0,0,0,0,1,0,1,1,1,0
156,https://sandert12.blogspot.com/p/la-banque-postale.html,1,0,0,0,0,0,0,0,0,1,0,1
157,http://69964.globalartinteriors.co/connect.html?timelimit=de5f8f71ddc7d210cdf13ed146b9b366,1,0,0,0,0,1,0,0,1,1,0,1
158,https://app44666604777.blogspot.com/,1,0,0,0,0,0,0,0,0,1,0,0
159,https://prvtfijwncwqmonlinrocsphdx-dot-gle39404049.rj.r.appspot.com/,1,0,0,0,1,0,0,0,0,0,0,0
160,http://blog.cotiabank.paypal-login.us/,1,0,0,0,0,0,0,1,1,0,0,1
161,http://exosomes.sale/,1,0,0,0,0,0,0,0,1,0,0,0
162,http://www.clinicasaudearo.com,1,0,0,0,0,0,0,0,0,1,0,0
163,https://validate44.serveirc.com/tonline/tonline/usrs.php?uri=https://accounts.login.idm.telekom.com/oauth2/auth?scope=openid&claims=%7B%22id_token%22%3A%7B%22urn%3Atelekom.com%3Aall%22%3A%7B%22essential%22%3Atrue%7D%7D%7D&response_type=code&redirect_uri=https%3A%2F%2Faccount.idm.telekom.com%2Faccount-manager%2Fopenid_connect_login&state=36184e7e08e66&logout_uri=https%3A%2F%2Faccount.idm.telekom.com%2Faccount-manager%2Flogout&nonce=563d9372867c&client_id=10LIVESAM30000004901AM200000000000000000,1,0,0,0,1,1,0,0,1,1,0,1
164,https://owalook.web.app/,1,0,0,0,0,0,0,0,0,0,0,0
165,https://maximilianschnauzers.com/2020/DROPBOX/dbox%20(2)/vinc,1,0,0,0,0,0,0,0,1,0,0,1
166,http://www.dexlerholdings.com/realty/wp-content/themes/twentytwelve/archhouse,1,0,0,0,0,1,0,0,0,1,0,1
167,https://pizfirepizzacafe.com/,1,1,0,0,0,0,0,0,0,1,0,0
168,https://www.grocery-store.4pillarglobal.com/deal/drag/,1,0,0,0,0,0,0,0,1,1,0,1
169,https://eracvv.me/register,1,0,0,0,0,0,0,0,0,0,0,1
170,http://iuxunsvojakwvfwxhxoxpuajjq-dot-gle39404049.rj.r.appspot.com/,1,0,0,0,1,0,0,0,0,0,0,0
171,http://x.yakinindaki-kizlar42.xyz/whatsapp/,1,0,0,0,0,0,1,0,0,0,0,1
172,https://shayamal.com/web/wnwe4oge=/,1,0,0,0,0,0,0,0,0,1,0,1
173,http://www.unitus.mk.ua/sites/default/files/ctools/ams/cms/index/www/customer_center/customer-IDPP00C331/login.php,1,0,0,0,1,1,0,0,1,0,0,1
174,https://u.to/umxgGg,1,0,0,0,0,0,0,0,0,0,0,1
175,http://www.httpsservices.runescape.com-n.ru/,1,0,0,0,1,0,0,0,0,1,0,0
176,https://pomoc.o2.pl/polityka-prywatnosci,1,0,0,0,0,0,0,0,1,1,0,1
177,https://raddelmotalaka.com/zimonedrive3,1,1,0,0,0,0,0,0,1,0,0,1
178,http://www.kurortnoye.com.ua/admin/read-invoice/index.php?rec=info@bcnanuncios.es,1,0,0,1,1,1,0,0,0,1,0,1
179,http://server387376.nazwa.pl/payment.php,1,0,0,0,0,0,0,0,1,0,0,1
180,http://www.httpsservices.runescape.com-fn.ru/,1,0,0,0,1,0,1,0,0,1,0,0
181,http://www.creativecombat.com/wp-admin/network/acct/login.php,1,0,0,0,0,0,0,0,0,0,0,1
182,http://www.httpsservices.runescape.com-cn.ru/,1,0,0,0,1,0,1,0,0,1,0,0
183,http://currentlyfromattverificationupdate1.weebly.com/,1,0,0,0,0,0,0,0,0,0,0,0
184,https://eletronicarwm.com.br/wp-includes/js/codemirror/main,1,0,0,0,0,0,0,0,0,0,0,1
185,http://zyggmdulzjyqdnywrpoipilkuq-dot-gle39404049.rj.r.appspot.com/,1,0,0,0,1,0,0,0,0,0,0,0
186,https://greatmusica.com/de/gateway.html,1,0,0,0,0,0,0,0,0,1,0,1
187,http://xrxh1.mjt.lu/lnk/AUwAABnQJt4AAAAAAAAAAAD1JeYAAAAAG6gAAAAAABauigBf00qgB_GM1w-JQbCxRmLPqJsd2gAWUwE/1/mQuJff8C8-UWybbBBMOPlA/aHR0cHM6Ly9iaXQubHkvM2d6TGxiVA,1,0,0,0,0,1,0,1,1,0,0,1
188,http://railcarpatient.com/ilw885eSfasfjbqvyDtUtkR6sAy02mVlHsuQxIIMTb2cmsIV5cPzwGFYheZjAUFhm97TSQGL2IY/,1,0,0,0,0,1,0,0,1,1,0,1
189,http://ehan.org/bbs/chat/validate/,1,0,0,0,0,0,0,0,0,1,0,1
190,https://www.amazon-3c.top/signin/?openid_pape_max_auth_age=http://specs.openid.net/auth/2.0/identifier&amp;openid_return_to=https://www.amazon.co.jp/?ref_=nav_em_hd_re_signin&amp;openid.identity=_select&amp;openid.assoc_handle=jpflex&amp;openid.mode=checkid_setup&amp;key=*EMAIL%20ADDRESS%20REMOVED&amp;openid.claimed_id=http://specs.openid.net/auth/2.0/identifier_select&amp;openid.ns=http://specs.openid.net/auth/2.0&amp;&amp;ref_=nav_em_hd_clc_signin,1,0,0,0,1,1,0,0,1,1,0,1
191,http://113.125.21.66/users/sign_in,1,0,1,0,0,0,0,0,0,1,0,1
192,https://www.c-jp.cc//,1,0,0,0,0,0,1,0,1,1,0,0
193,https://qztiqzwqwmvgcivbgkpgxqzspb-dot-gl099898987fhkl.uk.r.appspot.com/,1,0,0,0,1,0,0,0,0,0,0,0
194,https://rediractionid547012016089540218057.blogspot.com/,1,0,0,0,0,0,0,0,0,1,0,0
195,http://www.tadriib.com/office/b7tm5pj1pkfgwvf5u7hhi606.php,1,0,0,0,0,0,1,0,0,0,0,1
196,"https://secure.oldschool.com-mn.ru/m=forum/forums.ws643,9073665756,4766556749,77654585599,3",1,0,0,0,1,1,1,0,1,1,0,1
197,https://rakuten.yamiga.net/l,1,0,0,0,0,0,1,0,0,1,1,1
198,http://vclpcesmwwfymdtlxrxeoqcyls-dot-poised-bot-306515.uk.r.appspot.com/,1,0,0,0,1,0,0,0,0,0,0,0
199,http://kelpiesinc.com/HNR_Color/,1,0,0,0,0,0,0,0,0,1,0,1
200,http://physics.uctm.edu/ss/sites/default/files/styles/medium/pubilc/index.htm,1,0,0,0,0,1,0,0,0,1,0,1
201,http://greteldeblock.com/panel/pp/PPL14/ppl/69ae4c1165d670b06bc44a7c90f0a394mdkwmdazmthhmjm0zgu2mzmwyzm3ngm2oge1nje4yzg=/myaccount/biling,1,0,0,0,0,1,0,0,1,1,0,1
202,https://orange-rdv-mvp.ayaline.com/,1,0,0,0,0,0,0,0,0,0,0,0
203,http://lnstaqram.ru.com/hl=ru,1,0,0,0,0,0,0,0,0,1,0,1
204,https://iyoboaysyromudlutdpuztggmb-dot-gle39404049.rj.r.appspot.com/,1,0,0,0,1,0,0,0,0,0,0,0
205,http://secure-online-payeemagement.com/halifax,1,0,0,0,0,0,1,0,0,1,0,1
206,http://ibank.qnbfinansbkonline.com/,1,0,0,0,0,0,1,0,0,1,0,0
207,https://breqohqdfrmspybqykgopqcwuz-dot-gl099898987fhkl.uk.r.appspot.com/,1,0,0,0,1,0,0,0,0,0,0,0
208,http://lareference.ac.ma/,1,0,0,0,0,0,0,0,1,1,0,0
209,https://cefwebchat.chatbsservices.com.br/index.html,1,0,0,0,1,0,0,0,0,1,0,1
210,https://dota2og.top,1,0,0,0,0,0,0,0,0,0,0,0
211,https://www.securite-client.eu/labanque/bp/bp/3914dc04d373399c84c3d94a03998ec9/,1,0,0,0,0,1,0,0,1,1,0,1
212,https://switch.com.kw/.si/,1,0,0,0,0,0,0,0,0,1,0,1
213,http://planetw.ru/deals/secure.php,1,0,0,0,0,0,0,1,0,0,0,1
214,https://xkrjgluhzwsxtegjyzgpplnrzo-dot-gle39404049.rj.r.appspot.com/,1,0,0,0,1,0,0,0,0,0,0,0
215,http://autosrobadoschile.com/tmp/plupload/relay/ibxolb/ibxolb/login/index-html/login/,1,0,0,0,0,1,0,0,0,0,0,1
216,https://betasus20.blogspot.com/,1,0,0,0,0,0,0,0,1,1,0,0
217,https://svelte-kdy6dk.stackblitz.io/,1,0,0,0,0,0,0,0,0,1,0,0
218,https://smbc-card.com.pvpoke.co/,1,0,0,0,0,0,0,0,0,1,0,0
219,"https://phuketconnexion.com/iuhsm,/NetVip/main",1,0,0,0,0,0,0,0,0,1,0,1
220,https://docs.google.com/forms/d/e/1FAIpQLScsvqBQqwb6TKLL9njrEVs-2kydrbyERHHF7QDv3OY015fxkw/viewform?usp=sf_link%3E/,1,0,0,0,0,1,0,0,0,0,0,1
221,https://sios.tech/login,1,0,0,0,0,0,0,0,1,1,0,1
222,https://go365.ajanswebhaber.com/hytuy1989d,1,0,0,0,0,0,0,0,0,1,0,1
223,http://techdirectbh.com/services/,1,0,0,0,0,0,0,0,0,1,0,1
224,https://servllces.runescape.com-oa.ru/,1,0,0,0,0,0,1,0,0,1,0,0
225,https://www.mahdistock.com/wp-includes/css/ebay.de/Einloggensoder-neu-anmelden-eBay.htm?usrtaglknnlrutokinprnnwgapaesgasnoaallnidabiatrizosauelabiasueotmcddznsirtlitlonpbradmaieggpauaakntnalswraasalnueditsgucoaanlrskduoibnoe77955883031,1,0,0,0,1,1,0,0,1,0,0,1
226,https://kusoe.edu.np/morg/Devo/CD/Doc.php,1,0,0,0,0,0,0,0,0,1,0,1
227,http://www.httpsservlces.runescape.com-ov.ru/,1,0,0,0,1,0,1,0,0,1,0,0
228,https://forms.office.com/Pages/ResponsePage.aspx?id=DQSIkWdsW0yxEjajBLZtrQAAAAAAAAAAAAN__jdhOmtUMUg3Tk00RUhDT0VHSUdYSlUwQ0RBNENCMi4u,1,0,0,0,0,1,0,0,0,1,0,1
229,http://sites.google.com/site/libretyreserve,1,0,0,0,0,0,0,0,1,0,0,1
230,https://www.powr.io/form-builder/i/27476783#page,1,0,0,0,0,0,0,0,0,0,0,1
231,https://linktr.ee/TacazOfficialy,1,0,0,0,0,0,0,0,0,1,0,1
232,http://rioverdepar.com.br/plan/Seclude/login.php,1,0,0,0,0,0,0,0,0,1,0,1
233,http://fdlvietqahnjflkvfuvqnjcqcr-dot-gle39404049.rj.r.appspot.com/,1,0,0,0,1,0,0,0,0,0,0,0
234,https://fb.expressturkeyi.com/,1,0,0,0,0,0,1,0,0,0,0,0
235,https://docs.google.com/forms/d/e/1FAIpQLScO0GVjSnu6VWouw1CnbY9HqMOVeqoekQ63vJ95s1xQ5gc01g/viewform?vc=0&c=0&w=1&flr=0&usp=mail_form_link,1,0,0,0,0,1,0,0,0,0,0,1
236,https://projec.arq.br/form/wells/cap.php,1,0,0,0,0,0,0,0,0,1,0,1
237,https://franzsebastiansalon.com/auth/?email=synickanash@legalshield.com,1,0,0,1,0,0,0,0,0,1,0,1
238,http://grupoabi.cl/wells/login/login.php?cmd=login_submit&amp;id=05266f651911812e21fdfe91a5a021ec05266f651911812e21fdfe91a5a021ec&amp;session=05266f651911812e21fdfe91a5a021ec05266f651911812e21fdfe91a5a021ec,1,0,0,0,0,1,0,0,0,0,0,1
239,http://smsenligne.myfreesites.net/,1,0,0,0,0,0,0,0,0,1,1,0
240,https://docs.google.com/forms/d/e/1FAIpQLScBeErfYysXDzA2OQbpaQv3bgg-BtaukXob7fgw3ocadQr7_A/viewform?usp=sf_link,1,0,0,0,0,1,0,0,0,0,0,1
241,https://urlz.fr/erUz,1,0,0,0,0,0,0,0,0,1,0,1
242,http://jdih.sambas.go.id/ildis/srccdre,1,0,0,0,0,0,0,0,0,1,0,1
243,http://managehosting.areaclienti.aruba.it.u1336879.cp.regruhosting.ru/fatturazione/,1,0,0,0,1,1,0,0,1,1,1,1
244,http://phx.chromeproxy.net/direct/aHR0cHM6Ly9tb2JpbGUuZmFjZWJvb2suY29tL2xvZ2luLnBocD9uZXh0PWh0dHBzJTNBJTJGJTJGbW9iaWxlLmZhY2Vib29rLmNvbSUyRnN0b3JpZXMucGhwJTNGYWZ0ZXJjdXJzb3JyJTNEMTQ2NjY5OTUyMSUyNTNBMTQ2NjY5OTUyMSUyNTNBMTQlMjUzQS0xMTg4Mjg5MjYxMDIxNTA1OTk3JTI1M0ExNDY2Njk4NDI5JTI1M0EwJTI2dGFiJTNEaF9ub3IlMjZfX21fbG9nX2FzeW5jX18lM0QxJTI2cmVmaWQlM0QyOCZyZWZzcmM9aHR0cHMlM0ElMkYlMkZtb2JpbGUuZmFjZWJvb2suY29tJTJGc3Rvcmllcy5waHAmcmVmaWQ9MjgmX3Jkcg--,1,0,0,0,0,1,0,0,0,1,0,1
245,http://webmail.telephone-sfr.com/,1,0,0,0,0,0,0,0,1,1,0,0
246,http://fairauditors.com/index.html,1,0,0,0,0,0,0,0,1,0,0,1
247,http://dkptblzubazgvjptuoznvzyofu-dot-gle39404049.rj.r.appspot.com/,1,0,0,0,1,0,0,0,0,0,0,0
248,https://549acddf9e99149d828ed4530729d4d2-dot-solidstar-improts.uk.r.appspot.com/,1,0,0,0,1,1,0,0,0,0,0,0
249,http://id.sls.g.u.1yerqfxfm.mastery.edu.sa/.fgh/.ghj/?1kAMhIr8O,1,0,0,0,1,0,0,0,0,0,0,1
250,https://bbvpersonal.com/Particulares/login,1,0,0,0,0,0,0,0,0,1,1,1
251,http://lifeiswhatyoumakeofit.com/match_login/match.com/match/login1876.html,1,0,0,0,0,1,0,0,1,0,0,1
252,http://click.mail.onedrive.com/?qs=db04a8b2d7b04d1f6b3c69c4c5805dfc93097e61c800b87bab9654d4ce1ee7f86c05b36196ea1c673c13d490edbadd368c6e8f39eb68b3bb,1,0,0,0,0,1,0,1,1,0,0,1
253,http://rkgreany-seg3-2.kk.sopqa.arg.r.de.a2ip.ru/srrqf.srrqoheare.pbz.r.de.a2ip.ru/~r/pff/main/~4/bhwx7rnbplc,1,0,0,0,1,1,0,0,0,1,0,1
254,http://portal.prizesforall.com//?id=YSokqfs2djpsdO0BMzRadHVPzmBflqbcmhuWVfoAzvofO6%2F%2FthPZIU4EQR147UGA1UK9x54awtMfJjUbuSHn8FECp3eb3JTg72k7nMrUQ5Mj9hTyJEZH%2BHQAnR7A%2BMVcZAZfpD%2B6mhnyhMdynTY%2F90I0tYxbe00m%2B0I0V2Qvz5lnLrkWnZ8GOXuzrSslUYPGY8V8CUD%2FcTTEcWx0YJwrVXEDxzfYEtviJzcywcYQpuLooFU6VNqdQ2v%2BosvcRQAfgaCjryd7cizi%2FrKmsqj0VLYQIi6daE9cDPMjFlHdWfg%3D,1,0,0,0,0,1,0,0,1,1,1,1
255,https://aliceflorist.com/themes/wellsfargo,1,0,0,0,0,0,0,1,1,0,0,1
256,http://test.arintek.ru/ZGknuISAbw.html?jhBgVdSEQ@ZSXDRcFvgHBniMOmmKIinHBUgyVtFCcRESXRDCfVGBH,1,0,0,1,0,1,0,0,0,0,0,1
257,https://www.amazon.co-jp.yeusijahis.top/,1,0,0,0,1,0,0,0,0,1,1,0
258,https://chirurgie-estetica.md/mobile-authgov/?labor_department,1,0,0,0,0,0,0,0,0,1,0,1
259,https://amazonsdeefssffd.xyz/mobile/,1,0,0,0,0,0,1,0,1,1,0,1
260,http://giffgaffnumber.com/,1,0,0,0,0,0,0,0,0,1,0,0
261,https://nigelgriffith.com/dnt/aliexpress/support/provides.php,1,0,0,0,0,0,0,0,1,0,0,1
262,https://enevis-investors.com/asdfgh/Secure/,1,0,0,0,0,0,0,0,0,1,0,1
263,https://passionfruit4576261.brizy.site/,1,0,0,0,0,0,0,0,1,0,1,0
264,http://gite-lafage.com/sg.html?ricco.severine@orange.fr,1,0,0,1,1,0,0,0,0,1,0,1
265,https://otomoto-konto54875424.eu/konto.html,1,0,0,0,0,0,0,0,1,1,0,1
266,http://47.74.231.192/users/sign_in,1,0,1,0,0,0,0,0,0,1,0,1
267,http://colorworxonline.com/,1,0,0,0,0,0,0,0,0,0,0,0
268,https://rebelution-security-52284617953284658452020126805-hk.tk/checkpoint_next.php,1,0,0,0,0,1,0,0,0,1,1,1
269,https://ehealthmax.com/b/?email=abuse@ionos.com,1,0,0,1,0,0,0,0,0,0,0,1
270,http://02-billing-support.org/,1,0,0,0,0,0,1,0,0,1,0,0
271,http://4574c5a83f3739528.temporary.link//DZE59G63BS5V23Q6F5V6FDBXDFVD65S/G0SFG54BXDFG5DV6D/T0SJEDR5TF4GFCEFZPGLFCRISFD/6EZF8E4GERF6ER65ER65,1,0,0,0,0,1,0,0,0,1,1,1
272,https://dev1.availsports1.com/DANIELGOHMERT.COM/service/,1,0,0,0,0,0,0,0,0,1,0,1
273,http://spk-directbank01.xyz/sp/anmeldung.php?starten=6viC5yOFfotILjKu0Zx38n2SkmsHaN&shufflUri?=30vh1jtcaOrd5eTuz7XA,1,0,0,0,0,1,1,0,0,0,0,1
274,http://www.stolizaparketa.ru/wp-content/themes/twentyfifteen/css/read/chinavali/index.php?email=abuse@jamer.co.uk/,1,0,0,1,1,1,0,0,0,0,0,1
275,https://ewnutupzzkogsiapmafhbcmprr-dot-gle39404049.rj.r.appspot.com/,1,0,0,0,1,0,0,0,0,0,0,0
276,https://sl.al/KrAT,1,0,0,0,0,0,0,0,1,1,0,1
277,https://urlz.fr/eclu,1,0,0,0,0,0,0,0,0,1,0,1
278,https://sites.google.com/site/verifycheckpointpaqes/,1,0,0,0,0,0,0,0,0,0,0,1
279,http://qdevtools.com/sys/e5ba7,1,0,0,0,0,0,0,0,1,0,0,1
280,http://rooyan.in/invoice/,1,0,0,0,0,0,0,0,1,0,0,1
281,https://greatmusica.com/nz/gateway.html,1,0,0,0,0,0,0,0,0,1,0,1
282,http://yezvjyinfyqucmuifwtuacudlm-dot-gl099898987fhkl.uk.r.appspot.com/,1,0,0,0,1,0,0,0,0,0,0,0
283,https://viandjo.com/website/membership/service/payment.php?SessionID-xb=NL.=.._.62754983e3ae52a6e8e26750b7431196.=.Netherlands,1,0,0,0,1,1,0,0,1,0,0,1
284,https://pfzezxxzruqvoivqrzhbjtwksi-dot-gle39404049.rj.r.appspot.com/,1,0,0,0,1,0,0,0,0,0,0,0
285,http://psservices.runescape.com-oa.ru/,1,0,0,0,0,0,1,0,0,1,0,0
286,https://phillipmill176545.clickfunnels.com/optin1614088498532,1,0,0,0,0,0,0,0,0,1,0,1
287,http://duemiglia.evoluzioneufficio.net/wp-content/plugins/admin/WellsFargo/WellsFargo/wells/index.html,1,0,0,0,0,1,0,0,1,1,1,1
288,https://www.paypal-opladen.be/en/login,1,0,0,0,0,0,0,0,0,0,0,1
289,https://forms.office.com/Pages/ResponsePage.aspx?id=DQSIkWdsW0yxEjajBLZtrQAAAAAAAAAAAAZ__gy-0YdURTg3Mzc4WFIxVEQ3WDNBQVFOVDBHVkxMTC4u,1,0,0,0,0,1,0,0,0,1,0,1
290,http://www.securite-client.eu/labanque/bp/bp/,1,0,0,0,0,0,0,0,0,1,0,1
291,http://mgilaezuyztzyglfvmfhvwaenj-dot-gl909989876787.uk.r.appspot.com/,1,0,0,0,1,0,0,0,0,0,0,0
292,https://23-96-231-47.cprapid.com/NOR/,1,0,0,0,0,0,0,0,0,1,1,1
293,https://kinstationery.com/4tr/?email=nobody@mycraftmail.com,1,0,0,1,0,0,0,0,1,1,0,1
294,https://u08qv44zu5h.typeform.com/to/Us08neqw,1,0,0,0,0,0,0,0,0,0,0,1
295,http://matthewnobert.com/chass/,1,0,0,0,0,0,0,0,0,1,0,1
296,http://confirm-my-newpayments.com/,1,0,0,0,0,0,1,0,0,1,0,0
297,https://gle39404049.rj.r.appspot.com/bob@mail.com,1,0,0,1,1,0,0,0,0,0,0,1
298,https://2-57-122-7.cprapid.com/unlocked,1,0,0,0,0,0,0,0,1,1,1,1
299,http://paxluf.com,1,0,0,0,0,0,1,0,1,0,0,1
300,https://sites.google.com/view/sfdfsdfbay/home,1,0,0,0,0,0,0,0,0,0,0,1
301,https://www.denartcc.org/,1,0,0,0,0,0,0,0,0,0,0,0
302,http://itkrduskavqysizkizuahecmau-dot-gle39404049.rj.r.appspot.com/,1,0,0,0,1,0,0,0,0,0,0,0
303,https://forms.office.com/Pages/ResponsePage.aspx?id=DQSIkWdsW0yxEjajBLZtrQAAAAAAAAAAAAO__SPB8HhURDNONDhFOUw3NDlaVjdYRFdDWjlZSEdSVS4u,1,0,0,0,0,1,0,0,0,1,0,1
304,http://peer.yourluv.co/15GiAQ,1,0,0,0,0,0,0,0,1,0,0,1
305,http://email302.com/l/5fc15ea15e66c082e33c48babd5a8ff601a799e6/[emailÃÂ protected]tageapp.com/-/www.paypal.com/cgi-bin/,1,0,0,0,1,1,0,1,0,0,0,1
306,https://india-cosme-shop.com/logs/update-your-account-information/security-measure/log-in/,1,0,0,0,0,1,0,0,0,1,0,1
307,http://hrs-game.main.jp/ff10-2_hd/,1,0,0,0,0,0,0,0,1,1,0,1
308,https://psservices.runescape.com-nu.ru/,1,0,0,0,0,0,1,0,0,1,0,0
309,https://olxpl.id-173056.com,1,0,0,0,0,0,1,0,1,1,1,1
310,https://ocaque-domen.firebaseapp.com/,1,0,0,0,0,0,0,0,0,0,0,0
311,https://adamfeber.com/2018docu/js/bb9956e223ca8fdd8f40a60c25b5848e/login.php?cmd=login_submit&amp;id=2bfaac597422b84ef7985a68f16176502bfaac597422b84ef7985a68f1617650&amp;session=2bfaac597422b84ef7985a68f1617650,1,0,0,0,0,1,0,0,0,1,0,1
312,https://firebasestorage.googleapis.com/v0/b/solomidey-57f22.appspot.com/o/%EC%8A%B5S832%EB%8B%A4%ED%95%A0J%EC%98%A4%EB%98%90%EB%8B%A4F-1dr2%EC%9D%80BO%2F-%EC%9E%88oTR4s%EB%A1%9CuZ9-ToV%EC%9E%88-73L-os%EB%8B%88os9%EC%98%A4ck-z-rR%2F-5-LC:26pPDZ3:a%ED%95%A0Nb%ED%95%A08%EB%B0%9BW%EC%82%AC%2F487hhU74Y.html?alt=media&amp;token=2a2c8312-b0dd-4adf-8b8a-d5655ecb2174#,1,0,0,0,1,1,0,0,0,1,0,1
313,http://www.usuariesreguster.tonohost.com/,1,0,0,0,0,0,0,0,0,1,0,1
314,https://boma-ren.firebaseapp.com/,1,0,0,0,0,0,0,0,0,0,0,0
315,https://fgbbtyjuhgjhmgf.fra1.digitaloceanspaces.com/7u6ythrgfer56yhtgrfedcsxa.html,1,0,0,0,1,1,0,0,1,0,0,1
316,https://bezqyrdvnqoogaonymakmhclbv-dot-gle39404049.rj.r.appspot.com/,1,0,0,0,1,0,0,0,0,0,0,0
317,http://rrvrrwvgekbdloetwquevqepsd-dot-gl099898987fhkl.uk.r.appspot.com/,1,0,0,0,1,0,0,0,0,0,0,0
318,http://xhlvl.mjt.lu/lnk/AMAAAHx-kUwAAAAAAAAAAKzZV8wAAYCrgEQAAAAAABRDcQBfPoDNb6S0-uXHTv-OKsFcLYoUqAAUIe4/6/b-71cd6f24Q2bvEqiaaPww/aHR0cHM6Ly9iaXQubHkvM2FPWEhkaQ,1,0,0,0,0,1,0,1,1,0,0,1
319,https://www.hortipower.co.uk/recepit46/customer_center/customer-IDPP00C845/myaccount/signin,1,0,0,0,0,1,0,0,1,1,0,1
320,http://78.143.96.35/wordpress/gam/index.php?bidderblocklogin&amp;hc=1&amp;hc=1&amp;hc=1&amp;hm=uk`1d72f%20j2b2vi&lt;265&amp;hm=uk`1d72f%20j2b2vi&lt;265bidderblocklogin&amp;hm=uk`1d72f%20j2b2vi&lt;265bidderblocklogin,1,0,1,0,1,1,0,0,1,1,0,1
321,https://www.amazon-check-co-jp.j5g.top/,1,0,0,0,0,0,1,0,0,1,0,0
322,https://sellrego.com/wp-admin/blogswp/,1,0,0,0,0,0,0,0,0,1,0,1
323,https://gshupljoghhrmeimlxtrnjcigx-dot-gle39404049.rj.r.appspot.com/,1,0,0,0,1,0,0,0,0,0,0,0
324,https://mangeralertsupportmailalertconnecthomenbserbvcz.000webhostapp.com/,1,0,0,0,0,1,0,0,1,1,0,0
325,https://clouddoc-authorize.firebaseapp.com/.xx./xx...xx......,1,0,0,0,1,0,0,0,0,0,0,1
326,http://efashion.world/docu/project/b9757bb48c8d250cf6f5d482023860f8,1,0,0,0,0,0,0,0,0,0,0,1
327,http://sharefiles.app.link/uBLrDMbbOcb/,1,0,0,0,0,0,0,0,1,0,0,1
328,http://tes-cloudex02.duckdns.org/,1,0,0,0,0,0,0,0,0,0,0,1
329,http://amazon-user.auth.jp-4.top/,1,0,0,0,0,0,1,0,0,1,0,0
330,https://psservices.runescape.com-no.ru/,1,0,0,0,0,0,1,0,0,1,0,0
331,http://banquepostale-connexion-particulierssl.info/,1,0,0,0,0,0,0,0,0,1,1,1
332,https://www.webcase.me/bourbon/Fedex-Tracking-sewiss/scscsc/Fedex-Tracking-sewiss/fedex-tracking-V2/aea8349f334e4ed6b40ddb3f2394f900,1,0,0,0,0,1,0,0,0,1,0,1
333,https://www.join.whatsapmee.cf/,1,0,0,0,0,0,0,0,0,1,1,1
334,https://newsimdigital.com/doc/cmd-login=9feaf7f8354ad68ba40e29d70cd05405/?email=jjlytle@manatt.com&amp;loginpage=&amp;reff=Nzk1MWU5MjZiNzA5YTExZjgxNTRkMTk0MWQyZThiMzk=,1,0,0,1,0,1,0,0,0,0,0,1
335,http://doc.google.com/forms/d/1LK3XcLBeAzyA6CS72LIrkzFWw0goQTN7kxVOlGi1Ipg/viewform,1,0,0,0,0,1,0,0,0,0,0,1
336,https://wvk12-my.sharepoint.com/personal/pklewis_k12_wv_us/_layouts/15/WopiFrame.aspx?guestaccesstoken=tQInTDtuii%2bAM%2fbqmTNJkengGs2dptOi8hS2jqFtJKQ%3d&docid=1_1446052cffa4c4871bd24bb98fe86ed6d&wdFormId=%7BDF30D25D%2D0B59%2D47E5%2D956E%2DC601397EA4D7%7D&action=formsubmit&cid=57cdb8ab-426b-4eff-a51f-903ee3684f96,1,0,0,0,0,1,0,0,1,1,0,1
337,http://www.servllces.runescape.com-oa.ru/,1,0,0,0,1,0,1,0,0,1,0,0
338,http://groupwhattsap.jkub.com/,1,0,0,0,0,0,0,1,1,0,0,1
339,https://myhermes.redeliverfee.com/,1,0,0,0,0,0,1,1,0,1,0,0
340,http://www.atefnet.com/js/calendar/login/customer_center/customer-IDPP00C699/myaccount/signin/?country.x=US&locale.x=en_US,1,0,0,0,1,1,0,0,1,0,0,1
341,https://8010361370310234068010361370310234.blogspot.be/?m=0%5C,1,0,0,0,0,0,0,0,0,1,0,1
342,http://mzzhxktszzuasyqqxyxavfknzm-dot-gle39404049.rj.r.appspot.com/,1,0,0,0,1,0,0,0,0,0,0,0
343,http://applepaymentpartner.com/es-mx/paypal,1,0,0,0,0,0,0,0,1,1,0,1
344,https://asupanngakakterbaru.com/,1,0,0,0,0,0,1,0,0,1,1,1
345,https://bit.ly/3mr4j7a,1,0,0,0,0,0,0,1,1,0,0,1
346,https://bit.ly/34mHgDG,1,0,0,0,0,0,0,0,0,0,0,1
347,http://treqin.com/36528office,1,0,0,0,0,0,1,0,0,0,0,1
348,https://cpu30691.mfs.gg/vLPt6Pu,1,0,0,0,0,0,0,0,0,0,0,1
349,http://qubectravel.com/bpm44/,1,0,0,0,0,0,0,0,1,0,0,1
350,https://react-ba2roi.stackblitz.io,1,0,0,0,0,0,0,0,0,1,0,0
351,https://www.revistasuninter.com/h/xx/index.html,1,0,0,0,0,0,1,0,1,0,0,1
352,http://www-paypal-com-login.menlosec.com/,1,0,0,0,0,0,0,0,0,0,0,0
353,https://main.d340w0rs0ab6uq.amplifyapp.com/index.html#stevewilliams@pplsi.com,1,0,0,1,1,1,0,0,1,1,1,1
354,https://u28ww4gcquzfkzfok1gp9a-on.drv.tw/www.gredirects.com/harrybt/start-1.html,1,0,0,0,1,1,0,0,0,0,0,1
355,https://coxus.yolasite.com/,1,0,0,0,0,0,0,0,0,0,0,0
356,http://bpl.kr/7rh?id=29c0m2c204,1,0,0,0,0,0,0,0,0,0,0,1
357,http://saritapariyar.com.np/Daniel,1,0,0,0,0,0,0,0,1,1,0,1
358,https://cciottawa050-my.sharepoint.com/personal/mariam_cciottawa_ca/_layouts/15/WopiFrame.aspx?guestaccesstoken=ajn%2bClx8sn3dvNINwZWtki88X1YsAgpfqC0SuQn4QUI%3d&docid=1_15993ec557a6249418cf4deddf0aade39&wdFormId=%7B727DF2E9%2D0051%2D4601%2D84FC%2D40EFF41D7EAF%7D&action=formsubmit,1,0,0,0,0,1,0,0,1,1,0,1
359,https://nprsrritwboprvnkmtxhqxuqwb-dot-gle39404049.rj.r.appspot.com/,1,0,0,0,1,0,0,0,0,0,0,0
360,https://attnet4.aidaform.com/att-net,1,0,0,0,0,0,0,0,0,0,0,1
361,https://procurement.tevta.gop.pk/irii/banks/SCO/confirm.html,1,0,0,0,1,0,0,0,0,1,0,1
362,https://facabook.in/,1,0,0,0,0,0,1,0,0,0,0,0
363,https://www.tattoodragon.ru/application/?d2VuZHkucGVhcm1hbkBidGludGVybmV0LmNvbQ==,1,0,0,0,0,1,0,0,1,0,0,1
364,https://linktr.ee/PubgMobileHaloween,1,0,0,0,0,0,0,0,0,1,0,1
365,http://translate.sogoucdn.com/pcvtsnapshotorigin?_t=1527230263291&amp;from=en&amp;noTrans=0&amp;query=&amp;tabMode=1&amp;tfr=englishpc&amp;to=zh-CHS&amp;url=https://www.wellsfargo.com,1,0,0,0,1,1,0,1,1,1,0,1
366,https://orange.iobeya.com/s/download/resources/client-html-plugin/4.5.19.83329/public/,1,0,0,0,1,1,0,0,0,0,0,1
367,"https://secure.oldschool.com-mn.ru/m=forum/forums.ws643,9075756,4766556749,776542585599,3",1,0,0,0,1,1,1,0,1,1,0,1
368,http://irequest-beneficiary-removal.com/lloyds/Login.php,1,0,0,0,0,0,1,0,0,1,0,1
369,https://docs.google.com/forms/d/e/1FAIpQLSdW5e37HFGGI4m3tVKd-ebZT14a6fatCAjjuM4v2an9QkCw6Q/viewform?usp=send_form,1,0,0,0,0,1,0,0,0,0,0,1
370,http://www.thescrapescape.com/cccxxxxxxxxxc/doc/doc/document.php,1,0,0,0,0,0,0,0,1,0,0,1
371,https://bit.ly/3dv9ws6,1,0,0,0,0,0,0,1,1,0,0,1
372,http://mclaren-fe.ml/?login=do,1,0,0,0,0,0,0,0,1,1,0,1
373,http://theduecfoinv.com/0c350,1,0,0,0,0,0,1,0,1,0,0,1
374,https://tmedfavfwrudfzvcaxfcxyaecp-dot-gl099898987fhkl.uk.r.appspot.com/,1,0,0,0,1,0,0,0,0,0,0,0
375,http://spectralwirejewelry.com/https/1/sucursalpersonas.transaccionesbancolombia.com/mua,1,0,0,0,0,1,0,0,0,0,0,1
376,http://tokullarmobilya.com/three-billing,1,0,0,0,0,0,0,0,0,1,0,1
377,http://vfcfthrlctfjyzvwpnpwozlwas-dot-gle39404049.rj.r.appspot.com/,1,0,0,0,1,0,0,0,0,0,0,0
378,https://clouddoc-authorize.firebaseapp.com/.........x,1,0,0,0,1,0,0,0,0,0,0,1
379,https://www.autolikesfree.net/access-token.php,1,0,0,0,0,0,0,0,0,1,0,1
380,https://s.id/xZod5,1,0,0,0,0,0,0,0,0,0,0,1
381,https://onedrive.live.com/view.aspx?resid=2CCDA0F55E51C04D!1056&amp;authkey=!AHVXdmahSk9xQIc,1,0,0,0,0,1,0,0,0,0,0,1
382,https://embarqueja.com/wp-includes/pomo/ghd/payV1/myaccount/signin/?country.x=US&locale.x=en_US,1,0,0,0,0,1,0,0,1,0,0,1
383,http://obhdoxgetkjwiesxxchgzumdqv-dot-gle39404049.rj.r.appspot.com/,1,0,0,0,1,0,0,0,0,0,0,0
384,http://hostpoint.ch.1200028f.net2care.com/ar2/,1,0,0,0,1,0,0,0,0,1,0,1
385,https://pax4l.com/,1,0,0,0,0,0,0,0,0,0,0,0
386,http://www.atefnet.com/js/calendar/login/customer_center/customer-IDPP00C699/myaccount/signin/,1,0,0,0,0,1,0,0,1,0,0,1
387,https://main.d340w0rs0ab6uq.amplifyapp.com/index.html#haroldwitzel@prepaidlegal.com,1,0,0,1,1,1,0,0,1,1,1,1
388,http://00009484.com/banks/Tangerine,1,0,0,0,0,0,1,0,1,1,0,1
389,http://hitsem.com/images/?hxxp:/us.battle.net/login/en?ref=hxxp:/awegazous.battle.net/d3/en/index,1,0,0,0,1,1,0,0,0,1,0,1
390,http://yaciti.cn/mww0j/homepage/,1,0,0,0,0,0,1,0,1,1,0,1
391,http://benjim.com/all,1,0,0,0,0,0,0,0,1,0,0,1
392,https://pinnaclepipingandservice-my.sharepoint.com:443/:b:/g/personal/kmulligan_pinnaclepiping_com/ESmiHwwC101Pulhh79v-DCcBJA_-5JpiysXlhRWjsn-Gzg?e=4:6WmuUn,1,0,0,0,0,1,0,0,0,1,0,1
393,https://trimurtifloordecor.com/up/cebrand/rebrand/boxMrenewal.php?rand=13InboxLightaspxn.1774256418&fid.4.1252899642&fid=1&fav.1&rand.13InboxLight.aspxn.1774256418&fid.1252899642&fid.1&fav.1&email=b3Jlbndha3NAcHJlcGFpZGxlZ2FsLmNvbQ==&.rand=13InboxLight.aspx?n=1774256418&fid=4,1,0,0,0,1,1,0,0,0,1,1,1
394,https://dzd.rksmb.org/conf07/--/https:/www2.netflix.com/index.php?q=dqp3o8xvdqp3-fnjw-dqp3fnjwfnjw-9uuxfnjw&amp;s=dqp3o8xvdqp3-fnjw-dqp3fnjwfnjw-9uuxfnjw&amp;n=dqp3o8xvdqp3-fnjw-dqp3fnjwfnjw-9uuxfnjw,1,0,0,0,1,1,0,0,0,1,0,1
395,https://1artemisbet.blogspot.com/,1,0,0,0,0,0,0,0,1,1,0,0
396,http://newsbrigade.com/wp-admin/css/colors/ocean/js/theme.js/inc-style/grece.PayPaI-ID.pro968/myaccount/identity/?cmd=_session=US&amp;e74cc56f728f08bf36fd1c917b4a5074&amp;dispatch=a747fec16e90d03372eec4b410a064f3315fc8ab,1,0,0,0,1,1,0,0,1,1,0,1
397,https://www.nathanmcguirelaw.com/0c7667b5b5269b03dc18ffb0440f4305/verify.php?country_x=-&amp;ACCT_x=ID-PPL=PA324172.68.143.140=ScrPg=31259d5151ba046d0f538eef2c1021323fb88ef906ed915198d04be0fef23a64S=$1$RhlvP4.z$n/w7HrgdPzDslh8k7vsrO0o8BdrL0fnD6gaejcAQRu1vwX27WilG59pmFysUhTS4bKqJIxYHVNZCktMzOPE3FevtOANchp0jRrUmW6QP5GdHIluxD84VZKowLTnMXiBSy1Js2kE7Ygbqf3a9Cz42035071176,1,0,0,0,1,1,0,0,0,1,0,1
398,https://securesquared.co.uk/templates/system/mtb2020/redirect.html,1,0,0,0,0,0,0,0,0,0,0,1
399,http://t-online-de.net/,1,1,0,0,0,0,0,0,1,1,0,0
400,https://ey8jl.csb.app/,1,0,0,0,0,0,0,0,0,0,0,0
401,http://xj45g.mjt.lu/lnk/AVEAABaIh0YAAAAAAAAAAE3j4ksAAAAArT8AAAAAABUniQBfvN1sn6zI2nwhTm6-FF4cikWTPgAU8XY/3/gV7b_ibvS9Mo9f08DgYQVQ/aHR0cHM6Ly9iaXQubHkvM280Nzh1VA,1,0,0,0,0,1,0,1,1,0,0,1
402,https://www.federalaccesscredit.com,1,0,0,0,0,0,1,0,1,1,0,0
403,http://livraisonexpress.customervalidationprotocol.com/livraison,1,0,0,0,0,0,0,0,1,1,0,1
404,http://xrx6r.mjt.lu/lnk/ANEAAIvtH2gAAAAAAAAAAACIaz8AAAAAF-4AAAAAABaugQBf01xs5Io_di3iTJCQwZn_UzAGqwAWUvg/1/A_eQjGITio-1ipTHaEGmNA/aHR0cHM6Ly9iaXQubHkvM2d6TGxiVA,1,0,0,0,0,1,0,1,1,0,0,1
405,http://stolizaparketa.ru/wp-content/themes/twentyfifteen/css/read/chinavali/index.php?email=abuse,1,0,0,0,0,1,0,0,0,0,0,1
406,https://bbvpersonal.com/Particulares/,1,0,0,0,0,0,0,0,0,1,1,1
407,"https://secure.oldschool.com-mn.ru/m=forum/forums.ws724,44346235,18769354777,399242571745,3",1,0,0,0,1,1,1,0,1,1,0,1
408,https://hosting2024700.online.pro,1,0,0,0,0,0,0,0,1,1,0,1
409,https://pytlo.com/,1,0,0,0,0,0,1,0,1,1,0,0
410,http://www.facialaestheticsolutions.com/dressforsuccessdublin/Ofvei/,1,0,0,0,0,0,0,0,0,0,0,1
411,https://lfelelei.agilecrm.com/landing/4943476922843136,1,0,0,0,0,0,0,0,0,0,0,1
412,https://mobile-srftoken-benutzername.de/login.php?UurevQbzpl4IjCfhBXaRwKcigGT8Z1yn6dxWVEN2SHq975mJYMtsLD0kAFOoP3uOm5NyjH94fvLV3gUYX1hbQF7d6oSDeJrIwxlt8iP2AGZBTkqpsCc0KWEznRMa90082397722&amp;lng=en,1,0,0,0,0,1,0,0,1,1,0,1
413,http://nrrkgdzfirvsgcooigybhmesxx-dot-gle39404049.rj.r.appspot.com/,1,0,0,0,1,0,0,0,0,0,0,0
414,http://instagram.ettastore.com.ng/,1,0,0,0,0,0,0,0,0,1,0,0
415,http://148.66.129.253/gtjdcljjhj.html?GVtCR*TE*XRytfGyVHBNIKMomIJNuhYGvTFCdrfcGvBHnjIKM0KIJUHBYGVtfCD,1,0,1,0,1,1,0,0,0,1,0,1
416,https://hhjxozxkuechvvuplhcdauwbwh-dot-gl099898987fhkl.uk.r.appspot.com/,1,0,0,0,1,0,0,0,0,0,0,0
417,http://www.psservices.runescape.com-mv.ru/,1,0,0,0,1,0,1,0,0,1,0,0
418,https://kalea-poke.de/autoscout24.de/accounts/login/authentication.php,1,0,0,0,0,0,0,0,0,0,0,1
419,https://sendgridapi.ml/,1,0,0,0,0,0,0,0,1,1,0,0
420,http://vbozlubquasoodkeczwekrwtef-dot-gle39404049.rj.r.appspot.com/,1,0,0,0,1,0,0,0,0,0,0,0
421,https://fcmtgvmmwvamcfjgiisbwnyxsc-dot-gle39404049.rj.r.appspot.com/,1,0,0,0,1,0,0,0,0,0,0,0
422,https://skyjhagzdxgxrdgejycqamhkds-dot-gle39404049.rj.r.appspot.com/,1,0,0,0,1,0,0,0,0,0,0,0
423,http://eduardomendescanal.000webhostapp.com/steamlogin.html,1,0,0,0,0,0,0,0,1,1,0,1
424,http://xhlhs.mjt.lu/lnk/AMcAADVr9CwAAAAAAAAAALfal5QAAYCsLowAAAAAABRDyQBfbaobdQESbkHjRQ2blEbNk0fTTQAUIjs/2/b52pwAziDrEaJ8XKFRxDNA/aHR0cHM6Ly9qb2hhbm5lc3NzY2luZGVycy5kZS9pbmRleA,1,0,0,0,0,1,0,1,1,0,0,1
425,http://rajwebtechnology.com/attRR,1,0,0,0,0,0,0,0,1,1,0,1
426,https://alpha-lam.com/wingames/GB-en/netflix/89/welcome/,1,0,0,0,0,0,0,0,0,1,0,1
427,https://newsimdigital.com/doc/cmd-login=300308dff2f464ff22433eb64d8eb61f/?reff=MzA4YTU5MWQ1Y2ZmMDQyMDUxNmQzNjRjNWJiYTlkNTM=,1,0,0,0,0,1,0,0,0,0,0,1
428,https://zasobygwp.pl/redirect?sig=793123fbb1cb8c452a99d6ca1cb34c67fd40f3d7df8ee9d72955f1bf7461b1ec&amp;url=aHR0cHM6Ly9yZWJyYW5kLmx5L2Zqb2Flbg==&amp;platform=app_android&amp;brand=o2,1,0,0,0,0,1,0,0,0,1,0,1
429,http://secure-strato52aad9a6.btartinville.com/,1,0,0,0,0,0,0,0,0,0,0,0
430,https://acibadem.weebly.com/,1,0,0,0,0,0,0,0,0,0,0,0
431,https://cleanupcongresspac.com/wp-content/css/,1,0,0,0,0,0,0,0,1,0,0,1
432,http://www.capservice.online/ws/e91a9,1,0,0,0,0,0,1,0,0,0,0,1
433,http://eldredgelumber.com/%3C%3E/?email=scott.coleman@legalshield.com,1,0,0,1,0,0,0,0,0,1,0,1
434,https://procurement.mcot.net/uploads/https/,1,0,0,0,0,0,0,0,0,0,0,1
435,https://orange630.yolasite.com/,1,0,0,0,0,0,0,0,0,0,0,0
436,https://sobisparkss-poser.blogspot.com/,1,0,0,0,0,0,0,0,1,1,0,0
437,https://55bgf.csb.app/,1,0,0,0,0,0,0,0,0,0,0,0
438,https://clouddoc-authorize.firebaseapp.com/......xx.../...x...x,1,1,0,0,1,0,0,0,0,0,0,1
439,http://dolcevitabymerit.com/exchange328e91ec88ae4615bbc38ab6ce41104e/jspUser328e91ec88ae4615bbc38ab6ce41107e/?08a3ea=Brian_Casey@capgroup.com,1,0,0,1,0,1,0,0,0,0,0,1
440,https://deutschepost-paket-id-178926351872-ssl.besttriptoegypt.com/deutschepost/index.php,1,0,0,0,0,1,0,0,0,1,0,1
441,http://165.22.103.235/importantnoticeclient=0952/directing/www.cibc.mobi/ebm-mobile-anp/,1,0,1,0,1,1,0,1,0,1,0,1
442,https://estetika2z.com/attnew/AT&amp;T/,1,0,0,0,0,0,0,0,0,0,0,1
443,http://services.runescape.com-vzla.ru/,1,0,0,0,0,0,1,0,1,1,0,0
444,https://docs.google.com/forms/d/e/1FAIpQLSdPQKkmGs4sAk2SfJan6PEy8aIOOuRP88N1mIyRFqETiRPEjA/viewform,1,0,0,0,0,1,0,0,0,0,0,1
445,https://netservice-upd.tumblr.com/#_=_,1,0,0,0,0,0,0,0,0,0,0,1
446,https://main.d340w0rs0ab6uq.amplifyapp.com/index.html#dixsonbrown@pplsi.com,1,0,0,1,1,1,0,0,1,1,1,1
447,https://mpnleiblepeanrjfdlzabmruiy-dot-gl099898987fhkl.uk.r.appspot.com/,1,0,0,0,1,0,0,0,0,0,0,0
448,http://efashion.world/docu/project/58e1e33d4b934c2856ed39fb232282be/login.php?cmd=login_submit&id=a0d2cf878021c86b96e1eb666cbf3699a0d2cf878021c86b96e1eb666cbf3699&session=a0d2cf878021c86b96e1eb666cbf3699a0d2cf878021c86b96e1eb666cbf3699,1,0,0,0,0,1,0,0,0,0,0,1
449,http://mylovejar.com/data/fr/fr/mob/fr/www/48745a8ae20b215fcdca58e95a0b354f/freemobile/page2.html,1,0,0,0,0,1,0,0,0,0,0,1
450,https://betasus20213.blogspot.com/,1,0,0,0,0,0,0,0,1,1,0,0
451,https://www.mainehomeconnection.com/Css/,1,0,0,0,0,0,0,0,0,0,0,1
452,http://adnet8.com/image/caseimage/?http:/us.battle.net/login/en?ref=http:/xutwbxmus.battle.net/d3/en/index,1,0,0,0,1,1,0,0,0,1,0,1
453,http://www.confirmauthentication.com/LLOYDS/,1,0,0,0,0,0,1,0,0,1,1,1
454,https://betasus331.blogspot.com/,1,0,0,0,0,0,0,0,1,1,0,0
455,https://go365.ajanswebhaber.com/hytuy1989d/,1,0,0,0,0,0,0,0,0,1,0,1
456,https://www.securite-client.eu/labanque/bp/bp/,1,0,0,0,0,0,0,0,0,1,0,1
457,https://8010361370310234068010361370310234.blogspot.com/?m=0%5C,1,0,0,0,0,0,0,0,0,1,0,1
458,https://timeline-0336455584.grafis.ba/connect.html?timelimit=d5fc20129f3929d187add709d04eb3bd,1,0,0,0,0,1,0,0,0,1,1,1
459,https://dag-mot-lan.firebaseapp.com/,1,0,0,0,0,0,0,0,0,0,0,0
460,https://rebrand.ly/s4aowlb#notices@itau-unibanco.com.br,1,0,0,1,0,0,0,0,0,0,0,1
461,https://lekeet.com/,1,0,0,0,0,0,0,0,1,1,0,0
462,http://grievance.gpshyampur.org.in/uploads/red.html,1,0,0,0,1,0,0,0,0,0,0,1
463,http://eliturbrasil.com.br/ayt/87340a8f3cd210bc6fbe659de1d9bdcb,1,0,0,0,0,0,0,0,0,1,0,1
464,https://gregmounsey.com/gmwp/document-view/,1,0,0,0,0,0,0,0,1,0,0,1
465,http://starme.hekko24.pl/express/alibaba/login.php?cmd=login_submit&amp;id=933db82f55ce55b33e9626604ab7bee3933db82f55ce55b33e9626604ab7bee3&amp;session=933db82f55ce55b33e9626604ab7bee3933db82f55ce55b33e9626604ab7bee3,1,0,0,0,0,1,0,0,1,1,0,1
466,http://www-commbank.id8.com.au/,1,0,0,0,0,0,0,0,0,0,0,0
467,http://static-ak-fbcdn.atspace.com/,1,0,0,0,0,0,0,0,1,0,0,1
468,http://riseofampr.cf/Online/,1,0,0,0,0,0,0,0,0,1,0,1
469,https://httpsservices.runescape.com-ov.ru/,1,0,0,0,0,0,1,0,0,1,0,0
470,https://docs.google.com/forms/d/e/1FAIpQLSfDwn92QVW38Ss-20KziPdDCTGi6S6IH4nAsXeQlGTvdjh4eA/closedform,1,0,0,0,0,1,0,0,0,0,0,1
471,https://1jyz85kpowmv2vbsbzixwwi3t.designmysite.pro/,1,0,0,0,0,0,0,0,0,1,0,0
472,"https://secure.runescape.com-vc.ru/m=weblogin/loginform243,275,645,99866559,1",1,0,0,0,0,1,1,0,0,1,0,1
473,https://docs.google.com/forms/d/e/1FAIpQLScH8_wrvWSg5KlxpTwJZnnmGHz9Ny516msSZKmzzJr6WQLL4Q/viewform,1,0,0,0,0,1,0,0,0,0,0,1
474,https://massimobacchini.com/a25/chameleon/httpslogin.xfinity.comlogin/344FTmail.authentication/qq-checks_auth0/authenticate-userid/84778949884903948993839/,1,0,0,0,1,1,0,0,1,0,0,1
475,http://vvsmsmms.yolasite.com/,1,0,0,0,0,0,0,0,1,0,0,0
476,https://cluebazar.com/celling.php,1,0,0,0,0,0,0,0,0,0,0,1
477,https://www2.cr.mufg.jp.0enter.top/404.html,1,0,0,0,1,0,1,0,0,1,0,1
478,https://www.sugarpuffstore.com/realstarsharedfile/onedrive-drive/,1,0,0,0,0,0,0,0,0,1,0,1
479,http://acampsrqnvicyctjutoznqjawv-dot-gle39404049.rj.r.appspot.com/,1,0,0,0,1,0,0,0,0,0,0,0
480,https://sites.google.com/view/pfherjwlsnmcyelwudy/home?authuser=3,1,0,0,0,0,0,0,0,0,0,0,1
481,https://jccstl-my.sharepoint.com/personal/rrickerman_jccstl_org/_layouts/15/guestaccess.aspx?guestaccesstoken=jkuay949sETvWEfUwwgNwrGRflgxYYqWvFLHqHVhHTs%3d&docid=1_1681bb88b968b4e54af8bbc5fe0042b11&wdFormId=%7B799F51F9%2D46D0%2D42FA%2D9DCB%2D0D70E240356E%7D,1,0,0,0,0,1,0,0,0,1,0,1
482,"https://secure.oldschool.com-ez.ru/m=forum/forums.ws117,2775465972,03649897827578,6731728924743,3",1,0,0,0,1,1,1,0,1,1,0,1
483,https://rakuten.information-delivery.net/l,1,0,0,0,0,0,1,0,0,1,1,1
484,http://sh199811.website.pl/nonasklep.pl/wp-content/plugins/scrollbar/#761,1,0,0,0,0,0,0,0,0,1,0,1
485,https://check-japan-amazon.ur4.top/,1,0,0,0,0,0,1,0,0,1,0,0
486,http://grup-wa-bokep18.wikaba.com/login.php,1,0,0,0,0,0,0,1,1,0,0,1
487,http://vtennis.vn/uploads/3/2/2/en/mpp/Login/,1,0,0,0,0,0,0,0,0,0,0,1
488,http://51jianli.cn/images?us.battle.net/login/en?ref=xyvrmzdus.battle.net/d3/en/index,1,0,0,0,1,1,0,0,0,1,1,1
489,http://besthomeworkhelp.org/linduamess/login.php?cmd=login_submit&amp;id=803d4bb2dff346318ec1caa72b8e0eab803d4bb2dff346318ec1caa72b8e0eab&amp;session=803d4bb2dff346318ec1caa72b8e0eab803d4bb2dff346318ec1caa72b8e0eab,1,0,0,0,0,1,0,0,0,1,0,1
490,https://www-office-com.office365.qacust1.fpcasbdev.com/,1,0,0,0,1,0,0,0,0,1,1,0
491,http://yifiny.ltd/storage/xs/normal2021,1,0,0,0,0,0,0,0,0,1,0,1
492,https://olx.pl-getsold.me/getpayment/payout/160901928,1,0,0,0,0,0,1,0,0,1,1,1
493,https://franckpilier23-my-cheetah-website-copy.cheetah.builderall.com/,1,0,0,0,0,0,0,0,0,0,0,0
494,http://dvla.support-schemeuk.com/banks/rbsdigital.com/mobile/Verify.php?&amp;sessionid=Kequx7oxfwF3dsYzF78knxsbAX9UEcHH3v96yR8c9NkfJ3uYOoyxMr1ilcvNrZ30YxNaqY8lZRCnnR3Z&amp;securessl=true,1,0,0,0,1,1,1,0,0,1,0,1
495,https://eye-lucir.com/?d=,1,0,0,0,0,0,0,0,0,1,0,1
496,http://www.xn--gmal-sya.com/,1,0,0,0,0,0,0,0,1,1,0,0
497,https://glighting-my.sharepoint.com/personal/nick_glighting_com/_layouts/15/WopiFrame2.aspx?sourcedoc={e0f676b4-a865-418d-bc53-76d3eceaf377}&amp;action=default&amp;originalPath=aHR0cHM6Ly9nbGlnaHRpbmctbXkuc2hhcmVwb2ludC5jb20vOm86L3Avbmljay9FclIyOXVCbHFJMUJ2Rk4yMC16cTgzY0J1c1N5dVdfN2xyRDZMV0lsN2syaGtRP3J0aW1lPWlreGlEZzlLMTBn,1,0,0,0,0,1,0,0,0,1,0,1
498,https://jewellerystore.com.au/cache/inv/excelzz/bizmail.php?email=&amp;.rand=13vqcr8bp0gud&amp;lc=1033&amp;id=64855&amp;mkt=en-us&amp;cbcxt=mai&amp;snsc=1,1,0,0,0,1,1,0,0,0,1,0,1
499,https://firebasestorage.googleapis.com/v0/b/master-a7f25.appspot.com/o/cerkcfroek.html?alt=media&token=420caa32-915f-40c5-86a6-28ada5625a7a&prox=eimaste@stinpriza.org,1,0,0,1,1,1,0,0,0,1,0,1
500,https://www.infosecurityposte.com/,1,0,0,0,0,0,1,0,0,1,1,1
501,http://qjxdlervdlhjhfwegmlzeflqvv-dot-gle39404049.rj.r.appspot.com/,1,0,0,0,1,0,0,0,0,0,0,0
502,http://doclab-console-auth.firebaseapp.com/common/oauth2,1,0,0,0,0,0,0,0,0,0,0,1
503,https://urlz.fr/dHXo,1,0,0,0,0,0,0,0,0,1,0,1
504,https://comunicazioniarubait.tumblr.com/ARU?qs=ffkhfhf76563jhh654jhgf6437ce50ad4794615ba790ebc2c7b1cae44aa02a586551b135ac888eac0bcef5103,1,0,0,0,0,1,0,0,0,0,0,1
505,http://bottsproperties.com/desmond/index.php,1,0,0,0,0,0,0,0,1,1,0,1
506,https://total.direct-energie.com/clients/connexion?redirect_code=k630oaS6mxFmEgUKzPgAJQ%3D%3D&cHash=83fa1c812d374fe28cde0d5248012d4a,1,0,0,0,0,1,0,0,1,0,0,1
507,"https://secure.runescape.com-vc.ru/m=weblogin/loginform767,746,711,85317458,2167",1,0,0,0,0,1,1,0,0,1,0,1
508,https://goo.su/page/about,1,0,0,0,0,0,0,0,0,0,0,1
509,http://spontan.ch.net2care.com/https//admin.hostpoint.ch/bd2658fa4bbebca8b225419a25d152b0/,1,0,0,0,1,1,0,0,0,1,0,1
510,http://tsecure-paxful.com,1,0,0,0,0,0,1,0,0,1,0,0
511,https://shoutout.wix.com/so/29NXdzhlu/c?w=6CqhoE6CVp5sgMMSAGHXgP5YM3iyANqyGAuQWDhnQmI.eyJ1IjoiaHR0cHM6Ly93YXRhc2lpcmpyaWJoYS5ibG9iLmNvcmUud2luZG93cy5uZXQvdGVzdGluZy9tcGxuYnZjeGRmLmh0bWwiLCJyIjoiNzEwOWUwZGItNjY5Mi00NGRhLTUzM2QtNjAyNzk1ZjE0YmUxIiwibSI6Im1haWwiLCJjIjoiMDAwMDAwMDAtMDAwMC0wMDAwLTAwMDAtMDAwMDAwMDAwMDAwIn0#qs=r-agikbadkfkgdhdjaehfdidgafgccdigaehkkdaehkkdababaibadccaccaccjhackcjaibjfhacb,1,0,0,0,0,1,0,0,0,0,0,1
512,https://angularjs-qgoay2.stackblitz.io/,1,0,0,0,0,0,0,0,0,1,0,0
513,http://cn28538.tmweb.ru/w/service-login.orange/Identifiez-vous.php,1,0,0,0,1,0,0,0,0,0,0,1
514,https://eliotecae-my.sharepoint.com/personal/subind_eliotec_ae/_layouts/15/WopiFrame.aspx?guestaccesstoken=R0CwyxEzu0u4QskHqLg4IUppG%2f8kb5p%2bBD26C7pm5mg%3d&docid=1_10a004d72e6c74e5da1a88324055cba4f&wdFormId=%7B0457694D%2DEA64%2D4327%2D9A31%2DBCE69CAE1542%7D&action=formsubmit&cid=1a47822e-c696-4f00-b2bd-b89f0f160fcb,1,0,0,0,0,1,0,0,1,1,0,1
515,http://winfreyandco-my.sharepoint.com/:o:/g/personal/brandon_wincodc_com/EsXchyyUHT1DiztXKZ0fZm8BOMa-_ssKNhdzjBh7XExnxA?e=vaPt5b,1,0,0,0,0,1,0,0,0,0,0,1
516,https://www2.uccard.co.jp.gfdghana.com/404.html,1,0,0,0,1,0,0,0,0,1,1,1
517,http://185.177.54.9/ar/webapps/mpp,1,0,1,0,0,0,0,1,1,1,0,1
518,https://clouddoc-authorize.firebaseapp.com/......xx.../xxx,1,1,0,0,1,0,0,0,0,0,0,1
519,http://inx.lv/zoow,1,0,0,0,0,0,0,1,0,0,0,1
520,https://secure285.inmotionhosting.com/~n0c28f5/1234585969/johter/KERAWHB/login.php,1,0,0,0,0,1,0,0,0,0,0,1
521,http://www.secure.runescape.com-tp.ru/,1,0,0,0,1,0,1,0,0,1,0,0
522,http://greteldeblock.com/panel/pp/ppl14/ppl/69ae4c1165d670b06bc44a7c90f0a394mdkwmdazmthhmjm0zgu2mzmwyzm3ngm2oge1nje4yzg=/myaccount/biling/?cmd=_login&amp;dispatch=b7a627295bcc5e2e6e7caeb47&amp;locale=en_us,1,0,0,0,0,1,0,0,1,1,0,1
523,http://www.appleid.apple.com.ac-count.eu/,1,0,0,0,1,0,0,1,0,1,1,1
524,http://themkdiaries.com/ix/att,1,0,0,0,0,0,0,0,1,0,0,1
525,http://sbgroupnepal.com/TO/authorize_client_id:yeg67ju8-c62z-jpur-woy8-z8103glvrnjd_eldvri0w4zuqx1c8yhmb3na5fpst92oj7k6geidrl8suhjmnq0w1zk5xcaftb3g9oy276p4vyg4qh2xc8pe9slm7ruzw6dovnfia305ktjb1?data=c3BvbnNvcnNoaXBAYmVsYWlyZGlyZWN0LmNvbQ==,1,0,0,0,0,1,0,0,1,0,0,1
526,http://olx-pl-konto-ref.com/,1,0,0,0,0,0,1,0,1,1,0,1
527,https://clouddoc-authorize.firebaseapp.com/...,1,0,0,0,1,0,0,0,0,0,0,1
528,http://denuihuongson.com.vn/kamoras/,1,0,0,0,0,0,0,0,0,0,0,1
529,http://gubbmhtopvkzjpmojsivcyfweu-dot-gl099898987fhkl.uk.r.appspot.com/,1,0,0,0,1,0,0,0,0,0,0,0
530,https://particulares-banco.com/particulares/,1,0,0,0,0,0,1,0,0,1,1,1
531,http://934354637282-343432.com/,1,0,0,0,0,0,1,0,0,1,0,0
532,http://riseofampr.cf/T-online.de/,1,0,0,0,0,0,0,0,0,1,0,1
533,https://hidroconsultoria.com.br/onedrive365/onedrive365,1,0,0,0,0,0,0,0,1,1,0,1
534,https://bb.b-rdi.club/?e=memberservices@legalshield.com,1,0,0,1,0,0,1,0,0,1,1,1
535,http://changewill.fromamazoncardteam.xyz/,1,0,0,0,0,0,1,0,0,1,1,1
536,http://www.equalchances.org/net/page/myaccount/settings/,1,0,0,0,0,0,0,0,1,0,0,1
537,https://ijobs.vn/download/w3lls.html,1,0,0,0,0,0,0,0,0,0,0,1
538,https://info.ipromoteuoffers.com/e2t/c/*W42X1Kh4VlKV7W4NDyrQ4Jwqwc0/*W6YW6vh6z6klXW3C1xps6vlKZ10/5/f18dQhb0Sq5K8YHrG2N7cW9rzHyjJqVS9MQR2B872gW3hHhbQ5zh-NRVnQ9Qq8Z_8m8W328bd38Xl1YFW2Mk5st5mZ50NMH5sdmJ4m23N8_dF8cJVPWRW5nYwqm54Wcj1Msz7qGKnth5W1Sj2Jd2lmtJjN2MTPSyKng6qW1Wg4bj58jf-CW34RCjx2pPcgbN69D1WQQJJn6W3Lqnnc6RnlLKW8kVDrp4cMfVrW3Kqlz72KFZxKW3Z7t3z1tzckSW1txG9N6GsfdKW8XNh8_7JMfWmW7wy-z34_GlSTW7jZQTd8Zlh_FW1KQCPQ6lf6VYW1S2Vvl1J7V0DW58xxMp8QXp3hW6fjNk991P9mGVnFySf2KllQCW1PjNyK1SzsfsW7z301Y7sDD8MW8Yk_wd8RrxM0N2V0czCl9jlVVtJ6yr5HFsHjW6l62ss72zrXTW712jqc1ny1wQW7bZJp21jzhlNMd8vjKFFK-rW1rj9Qd4FnS9wW56fxFK915cC1W8RtYy674RskMW7x7c4-7D7HxjW1Dy_KC5lwZ1pf31NNg004,1,0,0,0,0,1,0,0,0,0,0,1
539,https://3a0c1ceb74a7a0c1b3045b6d15a8ce70-dot-solidstar-improts.uk.r.appspot.com/,1,0,0,0,1,1,0,0,0,0,0,0
540,http://sportsskylark.com/chnmers/ecma.php,1,0,0,0,0,0,0,1,0,0,0,1
541,https://www.miplab.net/wp-content/tx.htm,1,0,0,0,0,0,0,0,0,1,1,1
542,http://natwest.secured-online-verify.com/,1,0,0,0,0,0,1,0,0,1,0,0
543,http://234.50.198.35.bc.googleusercontent.com/atendimento/mobile/05/login/,1,0,1,0,1,1,0,0,0,1,1,1
544,http://bit.do/dhl-expres,1,0,0,0,0,0,0,0,0,0,0,1
545,https://docs.google.com/forms/d/e/1FAIpQLSfaexmgPgNTDkiAYu-wg3vbKhuS9FrUrejYqxuKIIYdkJC3ug/viewform?vc=0&c=0&w=1&flr=0&usp=mail_form_link,1,0,0,0,0,1,0,0,0,0,0,1
546,http://wriot-alternate.app.link/?Aefowheogf=,1,0,0,0,0,0,0,0,1,0,0,1
547,https://cantarinobrasileiro.com.br/blog/c6-bank-fatura-premiacoes-melhor-banco-digital-e-rapidez-na-conquista-de-1-mi-de-clientes/,1,0,0,0,0,1,0,0,0,0,0,1
548,http://site9552191.92.webydo.com/,1,0,0,0,0,0,0,0,1,0,0,1
549,http://kontoopdatering.appleld.dk.opdatering.dspbrand.com/hku/173809d39cb8b24f217a57f30e66dbed/,1,0,0,0,1,1,0,0,0,0,0,1
550,http://www.floorsdirectltd.co.uk/chase/surf2.php,1,0,0,0,1,0,0,0,0,0,0,1
551,https://party-ml91.duckdns.org/login/facebook,1,0,0,0,0,0,0,0,0,0,0,1
552,https://ee-checksecure.com/account/index?ac=ee,1,0,0,0,0,0,1,0,0,1,1,1
553,http://www.myeeyouree.com/,1,0,0,0,0,0,1,0,0,1,0,0
554,https://www.tattoodragon.ru/application/?d29yc2ZvbGQwMDBAYnRpbnRlcm5ldC5jb20=,1,0,0,0,0,1,0,0,1,0,0,1
555,https://yuoshxnumidqzigyvuznddzyrk-dot-gle39404049.rj.r.appspot.com/,1,0,0,0,1,0,0,0,0,0,0,0
556,http://www.powells.com,0,0,0,0,0,0,0,0,0,0,0,0
557,http://www.senzoku.ac.jp,0,0,0,0,0,0,0,0,0,0,0,0
558,http://www.mtv.com,0,0,0,0,0,0,0,0,0,0,0,0
559,http://www.tracks.arte.tv,0,0,0,0,0,0,0,0,0,0,0,1
560,http://www.scattered.solutions,0,0,0,0,0,0,0,0,0,0,0,0
561,http://www.open.spotify.com,0,0,0,0,0,0,0,0,0,0,0,1
562,http://www.leonardo-energy.org,0,0,0,0,0,0,0,0,1,1,1,0
563,http://www.kawayoo.net,0,0,0,0,0,0,0,0,0,1,0,0
564,http://www.pbs.twimg.com,0,0,0,0,0,0,0,0,0,1,1,1
565,http://www.filmmusic.io,0,0,0,0,0,0,0,0,0,0,0,0
566,http://www.doi.org,0,0,0,0,0,0,0,0,1,0,0,0
567,http://www.heavy.com,0,0,0,0,0,0,0,0,0,0,0,0
568,http://www.upload.wikimedia.org,0,0,0,0,0,0,0,0,0,1,0,1
569,http://www.canalcandido.tv,0,0,0,0,0,0,0,0,0,1,0,0
570,http://www.ramentabete.com,0,0,0,0,0,0,0,0,0,1,1,0
571,http://www.ctv.ca,0,0,0,0,0,0,0,0,0,0,0,0
572,http://www.beverleyguide.co.uk,0,0,0,0,0,0,0,0,0,1,1,1
573,http://www.freelancer.com,0,0,0,0,0,0,0,0,0,0,0,0
574,http://www.curia.europa.eu,0,0,0,0,0,0,0,0,0,0,0,0
575,http://www.epicurious.com,0,0,0,0,0,0,0,0,0,0,0,0
576,http://www.lemonhai.info,0,0,0,0,0,0,0,0,0,0,0,0
577,http://www.digitalfx.uk,0,0,0,0,0,0,0,0,0,0,0,1
578,http://www.newyorker.com,0,0,0,0,0,0,0,0,0,0,0,0
579,http://www.fastcompany.com,0,0,0,0,0,0,0,0,0,0,0,0
580,http://www.electroluxprofessional.com,0,0,0,0,0,0,0,0,0,0,0,0
581,http://www.climate-boston.com,0,0,0,0,0,0,0,1,1,0,0,1
582,http://www.wordpress.com,0,0,0,0,0,0,0,0,0,0,0,0
583,http://www.shopify.com,0,0,0,0,0,0,0,0,0,0,0,0
584,http://www.wsj.com,0,0,0,0,0,0,0,0,0,1,0,0
585,http://www.gartentechnik.com,0,0,0,0,0,0,0,0,0,0,0,0
586,http://www.scribd.com,0,0,0,0,0,0,0,0,0,0,0,0
587,http://www.search.google.com,0,0,0,0,0,0,0,0,0,0,0,1
588,http://www.paypalobjects.com,0,0,0,0,0,0,0,0,0,0,0,0
589,http://www.en.m.wikipedia.org,0,0,0,0,1,0,0,0,0,0,0,1
590,http://www.shalkalmusic.com,0,0,0,0,0,0,0,0,0,0,0,0
591,http://www.kem4art.com,0,0,0,0,0,0,0,0,0,1,0,1
592,http://www.nest.com,0,0,0,0,0,0,0,1,0,1,0,0
593,http://www.macrumors.com,0,0,0,0,0,0,0,0,0,0,0,0
594,http://www.whc.unesco.org,0,0,0,0,0,0,0,0,0,0,0,1
595,http://www.www3.nhk.or.jp,0,0,0,0,1,0,0,0,0,0,1,1
596,http://www.worksforweb.com,0,0,0,0,0,0,0,0,0,1,0,0
597,http://www.myanimelist.net,0,0,0,0,0,0,0,0,0,0,0,0
598,http://www.nvd.nist.gov,0,0,0,0,0,0,0,0,0,1,0,1
599,http://www.thehill.com,0,0,0,0,0,0,0,0,0,0,0,0
600,http://www.lluh.org,0,0,0,0,0,0,0,0,0,0,0,0
601,http://www.timeanddate.com,0,0,0,0,0,0,0,0,0,0,0,0
602,http://www.miamiherald.com,0,0,0,0,0,0,0,0,0,1,0,0
603,http://www.excelta.com,0,0,0,0,0,0,0,0,0,0,0,0
604,http://www.unity3d.com,0,0,0,0,0,0,0,0,0,1,0,0
605,http://www.google.co.uk,0,0,0,0,0,0,0,0,0,0,0,0
606,http://www.dev.mysql.com,0,0,0,0,0,0,0,0,0,1,0,1
607,http://www.pixabay.com,0,0,0,0,0,0,0,0,0,1,0,0
608,http://www.radost-brest.com,0,0,0,0,0,0,0,0,1,0,0,1
609,http://www.buffer.com,0,0,0,0,0,0,0,0,0,0,0,0
610,http://www.houstonchronicle.com,0,0,0,0,0,0,0,0,0,0,0,0
611,http://www.playbasket.it,0,0,0,0,0,0,0,0,1,0,0,1
612,http://www.songkick.com,0,0,0,0,0,0,0,0,0,0,0,0
613,http://www.nbc.com,0,0,0,0,0,0,0,0,0,0,0,0
614,http://www.sustainability.google,0,0,0,0,0,0,0,0,1,1,0,0
615,http://www.investopedia.com,0,0,0,0,0,0,0,0,0,0,0,0
616,http://www.opencart.com,0,0,0,0,0,0,0,0,0,0,0,0
617,http://www.walberg.house.gov,0,0,0,0,0,0,0,0,0,1,0,1
618,http://www.brave.com,0,0,0,0,0,0,0,0,0,0,0,0
619,http://www.legislation.gov.uk,0,0,0,0,0,0,0,0,0,0,0,0
620,http://www.privacyshield.gov,0,0,0,0,0,0,0,0,0,0,0,0
621,http://www.last.fm,0,0,0,0,0,0,0,0,0,0,0,0
622,http://www.congress.gov,0,0,0,0,0,0,0,0,0,0,0,0
623,http://www.newegg.com,0,0,0,0,0,0,0,0,0,0,0,0
624,http://www.newtoncompton.com,0,0,0,0,0,0,0,0,0,0,0,0
625,http://www.jerrysguitarbar.com,0,0,0,0,0,0,0,0,0,0,0,0
626,http://www.howdini.com,0,0,0,0,0,0,0,0,0,1,0,0
627,http://www.s.ytimg.com,0,0,0,0,0,0,0,0,0,1,1,1
628,http://www.iso.org,0,0,0,0,0,0,0,0,0,0,0,0
629,http://www.uk.reuters.com,0,0,0,0,0,0,0,0,0,0,0,1
630,http://www.verisign.com,0,0,0,0,0,0,0,0,0,0,0,0
631,http://www.sterling-power-usa.com,0,0,0,0,0,0,0,0,0,1,0,0
632,http://www.heatall.co.uk,0,0,0,0,0,0,0,0,1,0,0,0
633,http://www.podcasts.google.com,0,0,0,0,0,0,0,0,0,0,0,1
634,http://www.dailymail.co.uk,0,0,0,0,0,0,0,0,0,0,0,0
635,http://www.cnbc.com,0,0,0,0,0,0,0,0,0,0,0,0
636,http://www.sears.com,0,0,0,0,0,0,0,0,0,0,0,0
637,http://www.ncsl.org,0,0,0,0,0,0,0,0,0,0,0,0
638,http://www.scorpionridge.com,0,0,0,0,0,0,0,0,0,1,0,0
639,http://www.stumbleupon.com,0,0,0,0,0,0,0,0,1,1,0,0
640,http://www.groups.yahoo.com,0,0,0,0,0,0,0,0,0,0,0,0
641,http://www.freeukbusinessdirectory.co.uk,0,0,0,0,0,0,0,0,1,0,0,0
642,http://www.google.pl,0,0,0,0,0,0,0,0,0,0,0,0
643,http://www.airtable.com,0,0,0,0,0,0,0,0,0,1,0,0
644,http://www.unbounce.com,0,0,0,0,0,0,0,0,0,0,0,0
645,http://www.modernbluesharmonica.com,0,0,0,0,0,0,0,0,0,1,0,0
646,http://www.gutandpsychologysyndrome.com,0,0,0,0,0,0,0,1,0,0,0,0
647,http://www.strippedmusic.com,0,0,0,0,0,0,0,0,0,0,0,1
648,http://www.google.hu,0,0,0,0,0,0,0,0,0,0,0,0
649,http://www.productforums.google.com,0,0,0,0,0,0,0,0,0,0,0,1
650,http://www.england-online.co.uk,0,0,0,0,0,0,0,0,0,1,0,1
651,http://www.avoncompany.ru,0,0,0,0,0,0,0,0,0,1,0,0
652,http://www.poicommunity.com,0,0,0,0,0,0,0,0,0,1,0,1
653,http://www.forbes.com,0,0,0,0,0,0,0,0,0,0,0,0
654,http://www.yakitori-party.com,0,0,0,0,0,0,0,0,0,0,0,1
655,http://www.kopykat.co.uk,0,0,0,0,0,0,0,0,0,0,0,0
656,http://www.amazon.com.au,0,0,0,0,0,0,0,0,0,0,0,0
657,http://www.oldvictheatre.com,0,0,0,0,0,0,0,0,0,0,0,0
658,http://www.siteground.com,0,0,0,0,0,0,0,0,0,0,0,0
659,http://www.lh4.googleusercontent.com,0,0,0,0,0,0,0,0,0,1,1,0
660,http://www.freedatingsitesnofees1.wordpress.com,0,0,0,0,0,0,0,0,1,0,0,0
661,http://www.personaltrainerscardiff.com,0,0,0,0,0,0,0,0,0,0,0,0
662,http://www.google.com.eg,0,0,0,0,0,0,0,0,0,0,0,0
663,http://www.gamefly3monthfreetrial.wordpress.com,0,0,0,0,0,0,0,0,1,0,0,0
664,http://www.thenational.ae,0,0,0,0,0,0,0,0,0,0,0,0
665,http://www.privacy.google.com,0,0,0,0,0,0,0,0,0,0,0,1
666,http://www.nlm.nih.gov,0,0,0,0,0,0,0,0,0,0,0,0
667,http://www.forms.gle,0,0,0,0,0,0,0,0,0,1,0,0
668,http://www.developer.amazon.com,0,0,0,0,0,0,0,0,0,0,0,0
669,http://www.marketwatch.com,0,0,0,0,0,0,0,0,0,0,0,0
670,http://www.nps.gov,0,0,0,0,0,0,0,0,0,0,0,0
671,http://www.resident-guitars.com,0,0,0,0,0,0,0,0,0,1,0,0
672,http://www.netflix.com,0,0,0,0,0,0,0,0,0,0,0,0
673,http://www.hackaday.com,0,0,0,0,0,0,0,0,0,0,0,0
674,http://www.domainregistry.de,0,0,0,0,0,0,0,0,1,0,0,0
675,http://www.xkcd.com,0,0,0,0,0,0,0,0,0,0,0,0
676,http://www.filmovipreporuke.com,0,0,0,0,0,0,0,0,0,0,0,0
677,http://www.initiative.vip,0,0,0,0,0,0,0,0,1,0,0,0
678,http://www.kottke.org,0,0,0,0,0,0,0,0,0,0,0,0
679,http://www.businesswire.com,0,0,0,0,0,0,0,0,0,0,0,0
680,http://www.withballoons.jp,0,0,0,0,0,0,0,0,0,0,0,0
681,http://www.mecmesin.com,0,0,0,0,0,0,0,0,0,1,0,0
682,http://www.macworld.com,0,0,0,0,0,0,0,0,0,0,0,0
683,http://www.google.no,0,0,0,0,0,0,0,0,0,0,0,0
684,http://www.secure.gravatar.com,0,0,0,0,0,0,0,0,0,0,0,1
685,http://www.ejectorseat.co.uk,0,0,0,0,0,0,0,0,1,0,0,0
686,http://www.akc.org,0,0,0,0,0,0,0,0,0,0,0,0
687,http://www.kinomania.com.ua,0,0,0,0,0,0,0,0,0,1,0,0
688,http://www.symantec.com,0,0,0,0,0,0,0,1,0,1,0,0
689,http://www.rtvcyl.es,0,0,0,0,0,0,0,1,0,0,0,1
690,http://www.threadless.com,0,0,0,0,0,0,0,0,0,0,0,0
691,http://www.livinglands.co.za,0,0,0,0,0,0,0,0,0,0,0,0
692,http://www.j.mp,0,0,0,0,0,0,0,1,1,0,0,0
693,http://www.de.wikipedia.org,0,0,0,0,0,0,0,0,0,0,0,1
694,http://www.authy.com,0,0,0,0,0,0,0,0,0,1,0,0
695,http://www.yumpu.com,0,0,0,0,0,0,0,0,0,0,0,0
696,http://www.voguegakuen.com,0,0,0,0,0,0,0,0,0,1,0,0
697,http://www.serverfault.com,0,0,0,0,0,0,0,0,1,1,0,0
698,http://www.abc.net.au,0,0,0,0,0,0,0,0,0,0,0,0
699,http://www.7-zip.org,0,0,0,0,0,0,0,0,1,0,0,0
700,http://www.pbskids.org,0,0,0,0,0,0,0,0,0,0,0,0
701,http://www.blogs.technet.microsoft.com,0,0,0,0,1,0,0,0,0,0,0,1
702,http://www.us02web.zoom.us,0,0,0,0,0,0,0,0,0,1,0,1
703,http://www.medium.com,0,0,0,0,0,0,0,0,0,0,0,0
704,http://www.es.wikipedia.org,0,0,0,0,0,0,0,0,0,0,0,1
705,http://www.eff.org,0,0,0,0,0,0,0,0,0,0,0,1
706,http://www.jetreports.com,0,0,0,0,0,0,0,0,0,1,0,0
707,http://www.fightfoca.com,0,0,0,0,0,0,0,0,0,1,0,0
708,http://www.mi.com,0,0,0,0,0,0,0,0,0,0,0,0
709,http://www.audible.com,0,0,0,0,0,0,0,0,0,0,0,0
710,http://www.extremetech.com,0,0,0,0,0,0,0,0,0,0,0,0
711,http://www.dulacetduparc.com,0,0,0,0,0,0,0,0,0,0,0,0
712,http://www.radball.at,0,0,0,0,0,0,0,0,1,1,1,0
713,http://www.boston.com,0,0,0,0,0,0,0,0,0,0,0,0
714,http://www.poetryfoundation.org,0,0,0,0,0,0,0,0,0,1,0,0
715,http://www.salon.com,0,0,0,0,0,0,0,0,1,0,0,0
716,http://www.notion.so,0,0,0,0,0,0,0,0,0,1,0,0
717,http://www.ranker.com,0,0,0,0,0,0,0,0,0,0,0,0
718,http://www.ihg.com,0,0,0,0,0,0,0,0,0,0,0,0
719,http://www.mediapost.com,0,0,0,0,0,0,0,0,0,1,0,0
720,http://www.s4ye.org,0,0,0,0,0,0,0,0,1,1,0,0
721,http://www.paypal.me,0,0,0,0,0,0,0,0,0,0,0,0
722,http://www.web.mit.edu,0,0,0,0,0,0,0,0,0,0,0,0
723,http://www.thenetweb.co.uk,0,0,0,0,0,0,0,0,0,1,0,1
724,http://www.articlelistings.co.uk,0,0,0,0,0,0,0,0,1,0,0,1
725,http://www.bat.bing.com,0,0,0,0,0,0,0,0,0,0,0,1
726,http://www.gyazo.com,0,0,0,0,0,0,0,0,0,0,0,0
727,http://www.ted.com,0,0,0,0,0,0,0,0,0,0,0,0
728,http://www.search.twitter.com,0,0,0,0,0,0,0,0,0,0,0,0
729,http://www.surveygizmo.com,0,0,0,0,0,0,0,0,0,1,0,0
730,http://www.gencat.cat,0,0,0,0,0,0,0,0,0,0,0,0
731,http://www.join.air.io,0,0,0,0,0,0,0,0,0,0,0,0
732,http://www.parliament.uk,0,0,0,0,0,0,0,0,0,0,0,0
733,http://www.beancash.org,0,0,0,0,0,0,0,0,1,0,0,0
734,http://www.worldisflat.co.uk,0,0,0,0,0,0,0,0,1,0,0,1
735,http://www.simplebits.com,0,0,0,0,0,0,0,0,0,1,0,0
736,http://www.blog.medium.com,0,0,0,0,0,0,0,0,0,0,0,1
737,http://www.spartanandthegreenegg.com,0,0,0,0,0,0,0,0,0,0,0,0
738,http://www.lyft.com,0,0,0,0,0,0,0,0,0,0,0,0
739,http://www.knipex.de,0,0,0,0,0,0,0,0,0,1,0,0
740,http://www.glamour.com,0,0,0,0,0,0,0,0,0,0,0,0
741,http://www.alpernschubertlaw.com,0,0,0,0,0,0,0,0,0,1,0,0
742,http://www.nellamilan.com,0,0,0,0,0,0,0,0,0,1,0,0
743,http://www.editionsmontparnasse.fr,0,0,0,0,0,0,0,0,0,0,0,0
744,http://www.store.apple.com,0,0,0,0,0,0,0,0,0,0,0,0
745,http://www.colorlib.com,0,0,0,0,0,0,0,0,0,0,0,0
746,http://www.hindawi.com,0,0,0,0,0,0,0,0,0,0,0,0
747,http://www.sendgrid.com,0,0,0,0,0,0,0,0,0,0,0,0
748,http://www.tplinkwifi.net,0,0,0,0,0,0,0,0,0,0,0,0
749,http://www.wordfence.com,0,0,0,0,0,0,0,0,0,0,0,0
750,http://www.videohive.net,0,0,0,0,0,0,0,0,0,0,0,0
751,http://www.bs.serving-sys.com,0,0,0,0,0,0,0,0,1,1,1,0
752,http://www.socialforce.tw,0,0,0,0,0,0,0,0,0,1,0,0
753,http://www.telegra.ph,0,0,0,0,0,0,0,0,0,0,0,0
754,http://www.aarp.org,0,0,0,0,0,0,0,0,0,0,0,0
755,http://www.expedia.com,0,0,0,0,0,0,0,0,0,0,0,0
756,http://www.hrw.org,0,0,0,0,0,0,0,0,0,1,0,0
757,http://www.justice.gov,0,0,0,0,0,0,0,0,0,0,0,0
758,http://www.searchenginewatch.com,0,0,0,0,0,0,0,0,0,1,0,0
759,http://www.rototomsunsplash.com,0,0,0,0,0,0,0,0,0,0,0,0
760,http://www.marcilall.com,0,0,0,0,0,0,0,0,0,1,0,0
761,http://www.rackspace.com,0,0,0,0,0,0,0,0,1,0,0,0
762,http://www.itsallaboutwomen.com,0,0,0,0,0,0,0,1,0,0,0,1
763,http://www.archive.org,0,0,0,0,0,0,0,0,0,0,0,0
764,http://www.nba.com,0,0,0,0,0,0,0,0,0,0,0,0
765,http://www.tomsguide.com,0,0,0,0,0,0,0,0,0,0,0,0
766,http://www.crunchyroll.com,0,0,0,0,0,0,0,0,0,1,0,0
767,http://www.wri.org,0,0,0,0,0,0,0,0,0,1,0,0
768,http://www.nocoo.co.uk,0,0,0,0,0,0,0,0,1,0,0,1
769,http://www.dol.gov,0,0,0,0,0,0,0,0,0,0,0,0
770,http://www.teespring.com,0,0,0,0,0,0,0,0,0,0,0,0
771,http://www.heritageresorts.mu,0,0,0,0,0,0,0,0,0,0,0,0
772,http://www.coe.int,0,0,0,0,0,0,0,0,0,1,0,0
773,http://www.gofundme.com,0,0,0,0,0,0,0,0,0,0,0,0
774,http://www.slideshare.net,0,0,0,0,0,0,0,0,0,0,0,0
775,http://www.mozilla.com,0,0,0,0,0,0,0,0,0,0,0,0
776,http://www.jimmyeatworld.com,0,0,0,0,0,0,0,0,1,0,0,0
777,http://www.oregonlive.com,0,0,0,0,0,0,0,0,0,0,0,0
778,http://www.moreindepth.co.uk,0,0,0,0,0,0,0,0,1,0,0,1
779,http://www.crowdfundinsider.com,0,0,0,0,0,0,0,0,0,0,0,0
780,http://www.photos.app.goo.gl,0,0,0,0,1,0,0,0,0,1,0,0
781,http://www.nih.gov,0,0,0,0,0,0,0,0,0,0,0,0
782,http://www.letocaffe.co.uk,0,0,0,0,0,0,0,0,0,0,0,0
783,http://www.hackernoon.com,0,0,0,0,0,0,0,0,0,0,0,0
784,http://www.ioc.org.uk,0,0,0,0,0,0,0,0,1,0,0,0
785,http://www.feedly.com,0,0,0,0,0,0,0,0,0,0,0,0
786,http://www.google.qualtrics.com,0,0,0,0,0,0,0,0,0,0,0,0
787,http://www.measurementpartners.google.com,0,0,0,0,0,0,0,0,0,0,0,1
788,http://www.nyc.gov,0,0,0,0,0,0,0,0,0,0,0,0
789,http://www.mobusinc.com,0,0,0,0,0,0,0,0,0,1,0,0
790,http://www.ca.linkedin.com,0,0,0,0,0,0,0,0,0,0,0,1
791,http://www.motherboard.vice.com,0,0,0,0,0,0,0,0,0,1,0,1
792,http://www.authorstream.com,0,0,0,0,0,0,0,0,0,0,0,0
793,http://www.web.dev,0,0,0,0,0,0,0,0,0,1,0,0
794,http://www.bewusstsein-events.info,0,0,0,0,0,0,0,0,0,1,1,1
795,http://www.coltelleriacollini.com,0,0,0,0,0,0,0,0,0,0,0,0
796,http://www.io9.com,0,0,0,0,0,0,0,1,0,0,0,0
797,http://www.adresfirm.ga,0,0,0,0,0,0,0,0,0,0,0,0
798,http://www.zapier.com,0,0,0,0,0,0,0,0,0,1,0,0
799,http://www.kath-zdw.ch,0,0,0,0,0,0,0,0,1,1,0,0
800,http://www.mavricnibojevniki.org,0,0,0,0,0,0,0,0,0,0,0,0
801,http://www.di.univaq.it,0,0,0,0,0,0,0,0,1,0,0,1
802,http://www.vk.com,0,0,0,0,0,0,0,0,0,0,0,0
803,http://www.chrome.google.com,0,0,0,0,0,0,0,0,0,0,0,1
804,http://www.optimizely.com,0,0,0,0,0,0,0,0,0,1,0,0
805,http://www.fib-international.org,0,0,0,0,0,0,0,0,0,1,0,0
806,http://www.konaken.com,0,0,0,0,0,0,0,0,0,1,0,0
807,http://www.typekit.com,0,0,0,0,0,0,0,1,0,0,0,0
808,http://www.fatwreck.com,0,0,0,0,0,0,0,0,0,1,0,0
809,http://www.vogue.com,0,0,0,0,0,0,0,0,0,0,0,0
810,http://www.flipboard.com,0,0,0,0,0,0,0,0,0,0,0,0
811,http://www.scienceblogs.com,0,0,0,0,0,0,0,0,0,1,0,0
812,http://www.quicksprout.com,0,0,0,0,0,0,0,0,0,1,0,0
813,http://www.lynda.com,0,0,0,0,0,0,0,0,0,0,0,0
814,http://www.rollingstone.com,0,0,0,0,0,0,0,0,0,0,0,0
815,http://www.naturefocusthailand.com,0,0,0,0,0,0,0,0,0,0,0,0
816,http://www.justpaste.it,0,0,0,0,0,0,0,0,0,1,0,0
817,http://www.picasaweb.google.com,0,0,0,0,0,0,0,0,0,0,0,1
818,http://www.nextdoor.com,0,0,0,0,0,0,0,0,0,0,0,0
819,http://www.eurekalert.org,0,0,0,0,0,0,0,0,0,0,0,0
820,http://www.zeldman.com,0,0,0,0,0,0,0,0,0,0,0,0
821,http://www.lh3.googleusercontent.com,0,0,0,0,0,0,0,0,0,1,1,0
822,http://www.feedproxy.google.com,0,0,0,0,0,0,0,0,0,0,0,1
823,http://www.thelittlecuteworld.com,0,0,0,0,0,0,0,0,0,0,0,0
824,http://www.aescripts.com,0,0,0,0,0,0,0,0,0,0,0,0
825,http://www.worldbank.org,0,0,0,0,0,0,0,0,0,0,0,0
826,http://www.areamobile.de,0,0,0,0,0,0,0,0,0,1,0,0
827,http://www.ecomove-project.eu,0,0,0,0,0,0,0,0,0,0,0,0
828,http://www.globalnews.ca,0,0,0,0,0,0,0,0,0,0,0,0
829,http://www.htlive.net,0,0,0,0,0,0,0,0,0,1,0,0
830,http://www.ow.ly,0,0,0,0,0,0,0,0,0,0,0,1
831,http://www.google.cv,0,0,0,0,0,0,0,0,0,0,0,0
832,http://www.space.com,0,0,0,0,0,0,0,0,0,0,0,0
833,http://www.glasvezelbehang.nl,0,0,0,0,0,0,0,0,0,1,0,0
834,http://www.podbean.com,0,0,0,0,0,0,0,0,0,0,0,0
835,http://www.gumroad.com,0,0,0,0,0,0,0,0,0,0,0,0
836,http://www.lh6.googleusercontent.com,0,0,0,0,0,0,0,0,0,1,1,0
837,http://www.forms.office.com,0,0,0,0,0,0,0,0,0,1,0,0
838,http://www.newatlas.com,0,0,0,0,0,0,0,0,0,1,0,0
839,http://www.profiles.wordpress.org,0,0,0,0,0,0,0,0,0,0,0,0
840,http://www.manningjohnson.org,0,0,0,0,0,0,0,0,1,0,0,0
841,http://www.shop.spreadshirt.com,0,0,0,0,0,0,0,0,0,0,0,1
842,http://www.aliexpress.com,0,0,0,0,0,0,0,0,0,0,0,0
843,http://www.adwords.google.com,0,0,0,0,0,0,0,0,1,0,0,0
844,http://www.epicgames-download1.akamaized.net,0,0,0,0,0,0,0,0,0,1,1,1
845,http://www.cnn.com,0,0,0,0,0,0,0,0,0,0,0,0
846,http://www.stickam.com,0,0,0,0,0,0,0,0,0,1,0,0
847,http://www.median-xl.com,0,0,0,0,0,0,0,0,0,1,0,0
848,http://www.kanolabs.com,0,0,0,0,0,0,0,0,0,1,0,0
849,http://www.images-na.ssl-images-amazon.com,0,0,0,0,0,0,0,0,0,1,1,1
850,http://www.cabriworld.net,0,0,0,0,0,0,0,0,0,0,0,0
851,http://www.xbox.com,0,0,0,0,0,0,0,0,0,0,0,0
852,http://www.google.co.nz,0,0,0,0,0,0,0,0,0,0,0,0
853,http://www.ebay.com,0,0,0,0,0,0,0,0,0,0,0,0
854,http://www.sciencemag.org,0,0,0,0,0,0,0,0,0,0,0,0
855,http://www.hyposurface.org,0,0,0,0,0,0,0,0,1,1,0,1
856,http://www.active.com,0,0,0,0,0,0,0,0,0,0,0,0
857,http://www.citycentresheds.co.uk,0,0,0,0,0,0,0,0,0,1,0,0
858,http://www.labnol.org,0,0,0,0,0,0,0,0,0,0,0,0
859,http://www.example.com,0,0,0,0,0,0,0,0,0,1,1,1
860,http://www.petitiononline.com,0,0,0,0,0,0,0,0,1,0,0,1
861,http://www.alistapart.com,0,0,0,0,0,0,0,0,0,0,0,0
862,http://www.pt.wikipedia.org,0,0,0,0,0,0,0,0,0,0,0,1
863,http://www.g2a.com,0,0,0,0,0,0,0,0,0,1,0,0
864,http://www.fonkstra.com,0,0,0,0,0,0,0,0,0,0,0,0
865,http://www.ads.google.com,0,0,0,0,0,0,0,0,1,0,0,0
866,http://www.app.box.com,0,0,0,0,0,0,0,0,0,0,0,0
867,http://www.buzzfeednews.com,0,0,0,0,0,0,0,0,0,1,0,0
868,http://www.staybiblical.com,0,0,0,0,0,0,1,0,0,0,0,0
869,http://www.postgresql.org,0,0,0,0,0,0,0,0,0,0,0,0
870,http://www.active-img.com,0,0,0,0,0,0,0,1,0,0,0,1
871,http://www.pubs.acs.org,0,0,0,0,0,0,0,0,0,1,0,1
872,http://www.nina27.hatenablog.com,0,0,0,0,0,0,0,0,0,1,0,0
873,http://www.mobiban.ru,0,0,0,0,0,0,0,0,1,0,0,1
874,http://www.counterstrike16-download.com,0,0,0,0,0,0,0,0,0,0,0,0
875,http://www.blog.livedoor.jp,0,0,0,0,0,0,0,0,0,0,0,1
876,http://www.google.it,0,0,0,0,0,0,0,0,0,0,0,0
877,http://www.recode.net,0,0,0,0,0,0,0,1,0,1,0,0
878,http://www.orlandocannabis.cf,0,0,0,0,0,0,0,0,0,0,0,0
879,http://www.zvornikdanas.com,0,0,0,0,0,0,0,0,0,1,0,0
880,http://www.curl.haxx.se,0,0,0,0,0,0,0,0,0,0,0,1
881,http://www.apps.apple.com,0,0,0,0,0,0,0,0,0,0,0,1
882,http://www.store.line.me,0,0,0,0,0,0,0,0,0,0,0,1
883,http://www.google.es,0,0,0,0,0,0,0,0,0,0,0,0
884,http://www.ybn.lnk.to,0,0,0,0,0,0,0,0,1,0,0,0
885,http://www.sussex.ac.uk,0,0,0,0,0,0,0,0,0,0,0,1
886,http://www.thefullertoninformer.com,0,0,0,0,0,0,0,0,0,1,0,0
887,http://www.felici-animali.be,0,0,0,0,0,0,0,0,1,1,0,0
888,http://www.doubleclickbygoogle.com,0,0,0,0,0,0,0,0,0,0,0,0
889,http://www.robotstxt.org,0,0,0,0,0,0,0,0,0,1,0,0
890,http://www.muenster4life.de,0,0,0,0,0,0,0,0,0,0,0,0
891,http://www.uspto.gov,0,0,0,0,0,0,0,0,0,0,0,0
892,http://www.krepsinionamai.lt,0,0,0,0,0,0,0,0,0,0,0,0
893,http://www.bhphotovideo.com,0,0,0,0,0,0,0,0,0,0,0,0
894,http://www.itu.int,0,0,0,0,0,0,0,0,0,1,0,0
895,http://www.huffingtonpost.com,0,0,0,0,0,0,0,0,0,1,0,0
896,http://www.sites.google.com,0,0,0,0,0,0,0,0,0,0,0,0
897,http://www.urbandictionary.com,0,0,0,0,0,0,0,0,0,0,0,0
898,http://www.deviantart.com,0,0,0,0,0,0,0,0,0,0,0,0
899,http://www.welcomevolgograd.com,0,0,0,0,0,0,0,0,0,0,0,0
900,http://www.makezine.com,0,0,0,0,0,0,0,0,0,1,0,0
901,http://www.roughtype.co.uk,0,0,0,0,0,0,0,0,1,0,0,1
902,http://www.wikitravel.org,0,0,0,0,0,0,0,0,0,0,0,0
903,http://www.istockphoto.com,0,0,0,0,0,0,0,0,0,0,0,0
904,http://www.missingkids.com,0,0,0,0,0,0,0,0,0,1,0,0
905,http://www.patch.com,0,0,0,0,0,0,0,0,0,0,0,0
906,http://www.slashdot.org,0,0,0,0,0,0,0,0,0,0,0,0
907,http://www.lafabriqueopera-valdeloire.com,0,0,0,0,0,0,0,0,0,0,0,0
908,http://www.nl.oriflame.com,0,0,0,0,0,0,0,0,0,0,0,1
909,http://www.gaming.youtube.com,0,0,0,0,0,0,0,0,0,0,0,1
910,http://www.blog.bufferapp.com,0,0,0,0,0,0,0,0,0,1,0,1
911,http://www.campaignmonitor.com,0,0,0,0,0,0,0,0,0,1,0,0
912,http://www.paginas.terra.com.br,0,0,0,0,1,0,0,0,0,0,0,1
913,http://www.saferreviews.com,0,0,0,0,0,0,0,0,0,0,0,0
914,http://www.trainingauthors.com,0,0,0,0,0,0,0,0,0,0,0,0
915,http://www.power-ksa.com,0,0,0,0,0,0,0,0,0,1,0,0
916,http://www.behance.net,0,0,0,0,0,0,0,0,0,0,0,0
917,http://www.geocaching.com,0,0,0,0,0,0,0,0,0,0,0,0
918,http://www.phobos.apple.com,0,0,0,0,0,0,0,0,0,0,0,1
919,http://www.networksolutions.com,0,0,0,0,0,0,0,0,0,1,0,0
920,http://www.blinkbest.com,0,0,0,0,0,0,0,0,0,0,0,1
921,http://www.seetickets.com,0,0,0,0,0,0,0,0,0,1,0,0
922,http://www.prweb.com,0,0,0,0,0,0,0,0,0,0,0,0
923,http://www.ncbi.nlm.nih.gov,0,0,0,0,1,0,0,0,0,0,0,0
924,http://www.static.wixstatic.com,0,0,0,0,0,0,0,0,0,1,1,1
925,http://www.i0.wp.com,0,0,0,0,0,0,0,0,0,0,0,1
926,http://www.lh5.googleusercontent.com,0,0,0,0,0,0,0,0,0,1,1,0
927,http://www.tutorialspoint.com,0,0,0,0,0,0,0,0,0,0,0,0
928,http://www.music.apple.com,0,0,0,0,0,0,0,0,0,0,0,1
929,http://www.mackenzieporter.com,0,0,0,0,0,0,0,0,0,0,0,0
930,http://www.maps.googleapis.com,0,0,0,0,0,0,0,0,0,1,0,0
931,http://www.getaculifenow.com,0,0,0,0,0,0,0,0,0,0,0,1
932,http://www.zionschool.info,0,0,0,0,0,0,1,0,0,1,0,0
933,http://www.admin.google.com,0,0,0,0,0,0,0,0,0,0,0,1
934,http://www.blog.ted.com,0,0,0,0,0,0,0,0,0,0,0,1
935,http://www.promdressshop.com,0,0,0,0,0,0,0,0,0,0,0,0
936,http://www.cristal.epubs.ac.za,0,0,0,0,1,0,0,0,0,0,0,1
937,http://www.androidpolice.com,0,0,0,0,0,0,0,0,0,0,0,0
938,http://www.warnerbros.com,0,0,0,0,0,0,0,0,0,1,0,0
939,http://www.mgipu.gov.hr,0,0,0,0,0,0,0,0,0,1,0,1
940,http://www.telegraph.co.uk,0,0,0,0,0,0,0,0,0,0,0,0
941,http://www.theatlantic.com,0,0,0,0,0,0,0,0,0,0,0,0
942,http://www.stackpath.bootstrapcdn.com,0,0,0,0,0,0,0,0,0,0,0,1
943,http://www.comscore.com,0,0,0,0,0,0,0,0,0,1,0,0
944,http://www.ea.com,0,0,0,0,0,0,0,0,0,1,0,0
945,http://www.w3schools.com,0,0,0,0,0,0,0,0,0,0,0,0
946,http://www.drenefortfunciona.garotinhajuvenil.com,0,0,0,0,0,0,0,0,0,0,0,1
947,http://www.promzone.org,0,0,0,0,0,0,0,0,0,1,0,0
948,http://www.fcc.gov,0,0,0,0,0,0,0,0,0,0,0,0
949,http://www.guitarjamz.com,0,0,0,0,0,0,0,0,0,0,0,0
950,http://www.wbur.org,0,0,0,0,0,0,0,0,0,0,0,0
951,http://www.untappd.com,0,0,0,0,0,0,0,0,0,1,0,0
952,http://www.smartsheet.com,0,0,0,0,0,0,0,0,0,0,0,0
953,http://www.timesofindia.indiatimes.com,0,0,0,0,0,0,0,0,0,0,0,0
954,http://www.zapme.co.uk,0,0,0,0,0,0,0,0,1,0,0,1
955,http://www.franciscanmedia.org,0,0,0,0,0,0,0,0,0,1,0,0
956,http://www.s-url.jp,0,0,0,0,0,0,0,0,0,1,1,1
957,http://www.dreamhost.com,0,0,0,0,0,0,0,0,0,1,0,0
958,http://www.search.cpan.org,0,0,0,0,0,0,0,0,0,1,0,1
959,http://www.skiplacour.com,0,0,0,0,0,0,0,0,0,0,0,0
960,http://www.zuken.com,0,0,0,0,0,0,0,0,0,1,0,0
961,http://www.ssl.gstatic.com,0,0,0,0,0,0,0,0,0,1,0,1
962,http://www.empowermentteam.org,0,0,0,0,0,0,0,0,0,1,0,0
963,http://www.ko-fi.com,0,0,0,0,0,0,0,0,0,1,0,0
964,http://www.powersteps.com,0,0,0,0,0,0,0,1,0,0,0,0
965,http://www.dianacooper.com,0,0,0,0,0,0,0,0,0,0,0,0
966,http://www.it.linkedin.com,0,0,0,0,0,0,0,0,0,0,0,1
967,http://www.ulicaprosta.net,0,0,0,0,0,0,0,0,0,1,0,1
968,http://www.farmhydroponics.com,0,0,0,0,0,0,0,0,0,1,0,0
969,http://www.1000plus.am,0,0,0,0,0,0,0,0,0,0,0,0
970,http://www.etonline.com,0,0,0,0,0,0,0,0,0,1,0,0
971,http://www.youtubekids.com,0,0,0,0,0,0,0,0,0,0,0,0
972,http://www.notsonoisy.com,0,0,0,0,0,0,0,0,0,0,0,0
973,http://www.line.me,0,0,0,0,0,0,0,0,0,0,0,0
974,http://www.thewrap.com,0,0,0,0,0,0,0,0,0,0,0,0
975,http://www.toplist.cz,0,0,0,0,0,0,0,0,0,1,0,0
976,http://www.dc.ads.linkedin.com,0,0,0,0,1,0,0,0,0,0,0,1
977,http://www.ruralbook.com.br,0,0,0,0,0,0,0,0,0,1,0,0
978,http://www.feedburner.google.com,0,0,0,0,0,0,0,0,0,0,0,1
979,http://www.mixi.jp,0,0,0,0,0,0,0,0,0,0,0,0
980,http://www.smile.amazon.com,0,0,0,0,0,0,0,0,0,0,0,1
981,http://www.ampmexterminators.com,0,0,0,0,0,0,0,0,0,0,0,0
982,http://www.cargocollective.com,0,0,0,0,0,0,0,0,1,0,0,0
983,http://www.caribischnetwerk.ntr.nl,0,0,0,0,0,0,0,0,0,0,0,1
984,http://www.mariahcarey.lnk.to,0,0,0,0,0,0,0,0,1,0,0,0
985,http://www.kids.youtube.com,0,0,0,0,0,0,0,0,0,0,0,1
986,http://www.radi.al,0,0,0,0,0,0,0,0,0,1,0,1
987,http://www.in.pinterest.com,0,0,0,0,0,0,0,0,0,0,0,1
988,http://www.med-port.ru,0,0,0,0,0,0,0,0,0,0,0,0
989,http://www.geekbrains.ru,0,0,0,0,0,0,0,1,0,0,0,0
990,http://www.hopemoon.com,0,0,0,0,0,0,0,0,0,1,0,0
991,http://www.medicaljournals.se,0,0,0,0,0,0,0,0,0,1,0,0
992,http://www.d3js.org,0,0,0,0,0,0,0,0,0,1,0,0
993,http://www.direcaoespiritual.blogspot.com,0,0,0,0,0,0,0,0,0,1,0,0
994,http://www.cdnjs.com,0,0,0,0,0,0,0,0,0,1,0,0
995,http://www.earthobservatory.nasa.gov,0,0,0,0,0,0,0,0,0,0,0,0
996,http://www.staples.com,0,0,0,0,0,0,0,0,0,0,0,0
997,http://www.google.cz,0,0,0,0,0,0,0,0,0,0,0,0
998,http://www.wwd.com,0,0,0,0,0,0,0,0,0,0,0,0
999,http://www.i.stack.imgur.com,0,0,0,0,1,0,0,0,0,0,0,1
1000,http://www.codepen.io,0,0,0,0,0,0,0,0,0,1,0,0
1001,http://www.cdn.shopify.com,0,0,0,0,0,0,0,0,0,0,0,1
1002,http://www.time.com,0,0,0,0,0,0,0,0,0,0,0,0
1003,http://www.cbs.com,0,0,0,0,0,0,0,0,0,0,0,0
1004,http://www.citeseerx.ist.psu.edu,0,0,0,0,1,0,0,0,0,0,0,1
1005,http://www.reurl.cc,0,0,0,0,0,0,0,0,0,1,0,0
1006,http://www.sitefire.co.uk,0,0,0,0,0,0,0,0,1,0,0,1
1007,http://www.opinionciudadano.blogspot.com,0,0,0,0,0,0,0,0,0,1,0,0
1008,http://www.apps.facebook.com,0,0,0,0,0,0,0,0,0,0,0,1
1009,http://www.1drv.ms,0,0,0,0,0,0,0,0,0,1,0,1
1010,http://www.statista.com,0,0,0,0,0,0,0,0,0,1,0,0
1011,http://www.s7.addthis.com,0,0,0,0,0,0,0,0,0,0,0,1
1012,http://www.hiberworld.com,0,0,0,0,0,0,0,0,0,0,0,1
1013,http://www.event.on24.com,0,0,0,0,0,0,0,0,0,1,0,1
1014,http://www.zoom.us,0,0,0,0,0,0,0,0,0,1,0,0
1015,http://www.maps.google.it,0,0,0,0,0,0,0,0,0,0,0,1
1016,http://www.originalcibulak.cz,0,0,0,0,0,0,0,0,0,0,0,0
1017,http://www.clck.ru,0,0,0,0,0,0,0,0,0,0,0,0
1018,http://www.br.pinterest.com,0,0,0,0,0,0,0,0,0,0,0,1
1019,http://www.4.bp.blogspot.com,0,0,0,0,1,0,0,0,0,1,0,1
1020,http://www.enterprise.google.com,0,0,0,0,0,0,0,0,0,0,0,1
1021,http://www.esri.com,0,0,0,0,0,0,0,0,0,0,0,0
1022,http://www.sydney.edu.au,0,0,0,0,0,0,0,0,0,1,0,1
1023,http://www.artehistoria.jcyl.es,0,0,0,0,0,0,0,0,0,0,0,1
1024,http://www.tv.youtube.com,0,0,0,0,0,0,0,0,0,0,0,1
1025,http://www.mediafire.com,0,0,0,0,0,0,0,0,0,0,0,0
1026,http://www.moz.com,0,0,0,0,0,0,0,0,0,0,0,0
1027,http://www.privacy.microsoft.com,0,0,0,0,0,0,0,0,0,0,0,0
1028,http://www.vr.google.com,0,0,0,0,0,0,0,0,0,0,0,1
1029,http://www.barnartscollective.com,0,0,0,0,0,0,0,1,0,0,0,0
1030,http://www.marriott.com,0,0,0,0,0,0,0,0,0,1,0,0
1031,http://www.takingcareofmyliver.com,0,0,0,0,0,0,0,0,0,0,0,0
1032,http://www.robotiq.com,0,0,0,0,0,0,0,0,0,0,0,0
1033,http://www.eurofixings.co.uk,0,0,0,0,0,0,0,0,1,0,0,1
1034,http://www.tc-helicon.com,0,0,0,0,0,0,0,0,0,1,0,0
1035,http://www.rockmelodic-radio.com,0,0,0,0,0,0,0,0,1,0,0,0
1036,http://www.es.linkedin.com,0,0,0,0,0,0,0,0,0,0,0,1
1037,http://www.borhaber.net,0,0,0,0,0,0,0,0,0,0,0,0
1038,http://www.bigcommerce.com,0,0,0,0,0,0,0,0,0,0,0,0
1039,http://www.bostonglobe.com,0,0,0,0,0,0,0,0,0,0,0,0
1040,http://www.ajc.com,0,0,0,0,0,0,0,0,0,1,0,0
1041,http://www.google.fr,0,0,0,0,0,0,0,0,0,0,0,0
1042,http://www.progrindental.com,0,0,0,0,0,0,0,0,0,1,0,0
1043,http://www.farm9.staticflickr.com,0,0,0,0,0,0,0,0,0,1,1,1
1044,http://www.shrm.org,0,0,0,0,0,0,0,0,0,1,0,0
1045,http://www.ahrefs.com,0,0,0,0,0,0,0,0,0,0,0,0
1046,http://www.finanz-aktiv.de,0,0,0,0,0,0,0,0,1,1,0,0
1047,http://www.bitcoinwednesday.com,0,0,0,0,0,0,0,0,0,0,0,0
1048,http://www.google-analytics.com,0,0,0,0,0,0,0,0,0,1,0,0
1049,http://www.uk.pinterest.com,0,0,0,0,0,0,0,0,0,0,0,1
1050,http://www.royale.zerezo.com,0,0,0,0,0,0,0,0,0,0,0,1
1051,http://www.protectacow.typepad.com,0,0,0,0,0,0,0,0,0,0,0,0
1052,http://www.lemondemon.com,0,0,0,0,0,0,0,0,1,0,0,1
1053,http://www.google.com.mx,0,0,0,0,0,0,0,0,0,0,0,0
1054,http://www.thrillist.com,0,0,0,0,0,0,0,0,0,0,0,0
1055,http://www.corporatestylestory.com,0,0,0,0,0,0,0,0,0,0,0,1
1056,http://www.itunes.com,0,0,0,0,0,0,0,0,0,0,0,0
1057,http://www.dev.w3.org,0,0,0,0,0,0,0,0,0,0,0,1
1058,http://www.paypal.com,0,0,0,0,0,0,0,0,0,0,0,0
1059,http://www.a-course-in-miracles.net,0,0,0,0,0,0,0,0,0,1,0,0
1060,http://www.d.hatena.ne.jp,0,0,0,0,1,0,0,0,0,0,0,0
1061,http://www.realhealthcarerespectslife.com,0,0,0,0,0,0,0,0,0,1,0,1
1062,http://www.gq.com,0,0,0,0,0,0,0,0,0,0,0,0
1063,http://www.nist.gov,0,0,0,0,0,0,0,0,0,1,0,0
1064,http://www.2.gravatar.com,0,0,0,0,0,0,0,0,0,0,0,1
1065,http://www.mmohuts.com,0,0,0,0,0,0,0,0,0,1,0,0
1066,http://www.bartt.net,0,0,0,0,0,0,0,0,0,1,0,0
1067,http://www.nydailynews.com,0,0,0,0,0,0,0,0,0,0,0,0
1068,http://www.gizmodo.com,0,0,0,0,0,0,0,0,0,0,0,0
1069,http://www.youtube-creators.googleblog.com,0,0,0,0,0,0,0,0,0,1,0,0
1070,http://www.capterra.com,0,0,0,0,0,0,0,0,0,1,0,0
1071,http://www.eur-lex.europa.eu,0,0,0,0,0,0,0,0,1,0,0,0
1072,http://www.standard.co.uk,0,0,0,0,0,0,0,0,0,0,0,0
1073,http://www.vuejs.org,0,0,0,0,0,0,0,0,0,1,0,0
1074,http://www.abbyy.com,0,0,0,0,0,0,0,0,0,1,0,0
1075,http://www.shop.rukahore.sk,0,0,0,0,0,0,0,0,0,0,0,0
1076,http://www.en.gravatar.com,0,0,0,0,0,0,0,0,0,0,0,1
1077,http://www.vertigo.starts.eu,0,0,0,0,0,0,0,0,0,1,0,1
1078,http://www.aussieexotics.com,0,0,0,0,0,0,0,0,0,1,0,0
1079,http://www.merriam-webster.com,0,0,0,0,0,0,0,0,0,0,0,0
1080,http://www.neumoai.org,0,0,0,0,0,0,0,0,0,0,0,0
1081,http://www.statcounter.com,0,0,0,0,0,0,0,0,0,0,0,0
1082,http://www.trends.google.com,0,0,0,0,0,0,0,0,0,0,0,1
1083,http://www.blogs.lse.ac.uk,0,0,0,0,1,0,0,0,0,0,0,1
1084,http://www.g.page,0,0,0,0,0,0,0,0,0,0,0,0
1085,http://www.overunity.com,0,0,0,0,0,0,0,0,0,0,0,0
1086,http://www.patheos.com,0,0,0,0,0,0,0,0,0,0,0,0
1087,http://www.econsultancy.com,0,0,0,0,0,0,0,0,0,0,0,0
1088,http://www.whiskyantique.com,0,0,0,0,0,0,0,0,0,0,0,0
1089,http://www.adafruit.com,0,0,0,0,0,0,0,0,0,0,0,0
1090,http://www.evanjelizacia.eu,0,0,0,0,0,0,0,0,1,1,0,0
1091,http://www.recordings.talkshoe.com,0,0,0,0,0,0,0,0,0,0,0,1
1092,http://www.gnupg.org,0,0,0,0,0,0,0,0,0,0,0,0
1093,http://www.drninashapiro.com,0,0,0,0,0,0,0,0,0,1,0,0
1094,http://www.lincolnshiredirect.co.uk,0,0,0,0,0,0,0,0,1,0,0,1
1095,http://www.laughteryogaamerica.com,0,0,0,0,0,0,0,0,1,0,0,0
1096,http://www.packtpub.com,0,0,0,0,0,0,0,0,0,1,0,0
1097,http://www.spotify.com,0,0,0,0,0,0,0,0,0,0,0,0
1098,http://www.djangoproject.com,0,0,0,0,0,0,0,0,0,0,0,0
1099,http://www.skoda-auto.cz,0,0,0,0,0,0,0,0,0,0,0,0
1100,http://www.developer.apple.com,0,0,0,0,0,0,0,0,0,0,0,1
1101,http://www.nloug.nl,0,0,0,0,0,0,0,0,0,0,0,0
1102,http://www.tools.google.com,0,0,0,0,0,0,0,0,0,0,0,1
1103,http://www.webstix.com,0,0,0,0,0,0,0,0,0,0,0,0
1104,http://www.villagevoice.com,0,0,0,0,0,0,0,0,0,0,0,0
1105,http://www.weebly.com,0,0,0,0,0,0,0,0,0,0,0,0
1106,http://www.dr.dk,0,0,0,0,0,0,0,0,0,0,0,0
1107,http://www.gstatic.com,0,0,0,0,0,0,0,0,0,1,0,0
